2026-04-06 21:12:01,310 - INFO - Callback Server Starting
2026-04-06 21:12:01,310 - INFO - Socket listening on ('127.0.0.1', 61309)
2026-04-06 21:12:01,617 - INFO - Python Server ready to receive messages
2026-04-06 21:12:01,617 - INFO - Received command c on object id p0
2026-04-06 21:12:01,618 - INFO - Processing Batch 496
2026-04-06 21:12:21,083 - INFO - Received command c on object id p0
2026-04-06 21:12:21,084 - INFO - Processing Batch 497
2026-04-06 21:12:25,062 - INFO - Received command c on object id p0
2026-04-06 21:12:25,063 - INFO - Processing Batch 498
2026-04-06 21:12:29,086 - INFO - Received command c on object id p0
2026-04-06 21:12:29,087 - INFO - Processing Batch 499
2026-04-06 21:12:40,678 - INFO - Received command c on object id p0
2026-04-06 21:12:40,679 - INFO - Processing Batch 500
2026-04-06 21:12:45,235 - INFO - Received command c on object id p0
2026-04-06 21:12:45,236 - INFO - Processing Batch 501
2026-04-06 21:12:48,880 - INFO - Received command c on object id p0
2026-04-06 21:12:48,881 - INFO - Processing Batch 502
2026-04-06 21:12:53,458 - INFO - Received command c on object id p0
2026-04-06 21:12:53,459 - INFO - Processing Batch 503
2026-04-06 21:12:59,068 - INFO - Received command c on object id p0
2026-04-06 21:12:59,069 - INFO - Processing Batch 504
2026-04-06 21:13:14,110 - INFO - Received command c on object id p0
2026-04-06 21:13:14,111 - INFO - Processing Batch 505
2026-04-06 21:13:18,795 - INFO - Received command c on object id p0
2026-04-06 21:13:18,796 - INFO - Processing Batch 506
2026-04-06 21:13:23,236 - INFO - Received command c on object id p0
2026-04-06 21:13:23,237 - INFO - Processing Batch 507
2026-04-06 21:13:27,845 - INFO - Received command c on object id p0
2026-04-06 21:13:27,846 - INFO - Processing Batch 508
2026-04-06 21:13:29,669 - INFO - Received command c on object id p0
2026-04-06 21:13:29,670 - INFO - Processing Batch 509
2026-04-06 21:13:44,126 - INFO - Received command c on object id p0
2026-04-06 21:13:44,128 - INFO - Processing Batch 510
2026-04-06 21:13:50,430 - INFO - Received command c on object id p0
2026-04-06 21:13:50,431 - INFO - Processing Batch 511
2026-04-06 21:13:54,297 - INFO - Received command c on object id p0
2026-04-06 21:13:54,298 - INFO - Processing Batch 512
2026-04-06 21:13:55,387 - INFO - Received command c on object id p0
2026-04-06 21:13:55,388 - INFO - Processing Batch 513
2026-04-06 21:13:59,437 - INFO - Received command c on object id p0
2026-04-06 21:13:59,438 - INFO - Processing Batch 514
2026-04-06 21:14:03,062 - INFO - Received command c on object id p0
2026-04-06 21:14:03,063 - INFO - Processing Batch 515
2026-04-06 21:14:06,190 - INFO - Received command c on object id p0
2026-04-06 21:14:06,191 - INFO - Processing Batch 516
2026-04-06 21:14:14,136 - INFO - Received command c on object id p0
2026-04-06 21:14:14,137 - INFO - Processing Batch 517
2026-04-06 21:14:21,944 - INFO - Received command c on object id p0
2026-04-06 21:14:21,946 - INFO - Processing Batch 518
2026-04-06 21:14:26,117 - INFO - Received command c on object id p0
2026-04-06 21:14:26,118 - INFO - Processing Batch 519
2026-04-06 21:14:27,326 - INFO - Received command c on object id p0
2026-04-06 21:14:27,326 - INFO - Processing Batch 520
2026-04-06 21:14:31,690 - INFO - Received command c on object id p0
2026-04-06 21:14:31,690 - INFO - Processing Batch 521
2026-04-06 21:14:35,911 - INFO - Received command c on object id p0
2026-04-06 21:14:35,911 - INFO - Processing Batch 522
2026-04-06 21:14:40,320 - INFO - Received command c on object id p0
2026-04-06 21:14:40,321 - INFO - Processing Batch 523
2026-04-06 21:14:43,894 - INFO - Received command c on object id p0
2026-04-06 21:14:43,895 - INFO - Processing Batch 524
2026-04-06 21:14:46,638 - INFO - Received command c on object id p0
2026-04-06 21:14:46,639 - INFO - Processing Batch 525
2026-04-06 21:14:53,513 - INFO - Received command c on object id p0
2026-04-06 21:14:53,514 - INFO - Processing Batch 526
2026-04-06 21:14:57,536 - INFO - Received command c on object id p0
2026-04-06 21:14:57,537 - INFO - Processing Batch 527
2026-04-06 21:14:58,653 - INFO - Received command c on object id p0
2026-04-06 21:14:58,654 - INFO - Processing Batch 528
2026-04-06 21:15:03,062 - INFO - Received command c on object id p0
2026-04-06 21:15:03,063 - INFO - Processing Batch 529
2026-04-06 21:15:14,154 - INFO - Received command c on object id p0
2026-04-06 21:15:14,155 - INFO - Processing Batch 530
2026-04-06 21:15:17,735 - INFO - Received command c on object id p0
2026-04-06 21:15:17,736 - INFO - Processing Batch 531
2026-04-06 21:15:21,832 - INFO - Received command c on object id p0
2026-04-06 21:15:21,833 - INFO - Processing Batch 532
2026-04-06 21:15:25,534 - INFO - Received command c on object id p0
2026-04-06 21:15:25,535 - INFO - Processing Batch 533
2026-04-06 21:15:29,227 - INFO - Received command c on object id p0
2026-04-06 21:15:29,228 - INFO - Processing Batch 534
2026-04-06 21:15:32,859 - INFO - Received command c on object id p0
2026-04-06 21:15:32,860 - INFO - Processing Batch 535
2026-04-06 21:15:44,179 - INFO - Received command c on object id p0
2026-04-06 21:15:44,182 - INFO - Processing Batch 536
2026-04-06 21:15:53,201 - INFO - Received command c on object id p0
2026-04-06 21:15:53,202 - INFO - Processing Batch 537
2026-04-06 21:15:57,562 - INFO - Received command c on object id p0
2026-04-06 21:15:57,563 - INFO - Processing Batch 538
2026-04-06 21:16:02,020 - INFO - Received command c on object id p0
2026-04-06 21:16:02,020 - INFO - Processing Batch 539
2026-04-06 21:16:14,179 - INFO - Received command c on object id p0
2026-04-06 21:16:14,183 - INFO - Processing Batch 540
2026-04-06 21:16:28,742 - INFO - Received command c on object id p0
2026-04-06 21:16:28,744 - INFO - Processing Batch 541
2026-04-06 21:16:32,834 - INFO - Received command c on object id p0
2026-04-06 21:16:32,835 - INFO - Processing Batch 542
2026-04-06 21:16:36,483 - INFO - Received command c on object id p0
2026-04-06 21:16:36,484 - INFO - Processing Batch 543
2026-04-06 21:16:40,205 - INFO - Received command c on object id p0
2026-04-06 21:16:40,206 - INFO - Processing Batch 544
2026-04-06 21:16:44,175 - INFO - Received command c on object id p0
2026-04-06 21:16:44,176 - INFO - Processing Batch 545
2026-04-06 21:16:59,173 - INFO - Received command c on object id p0
2026-04-06 21:16:59,175 - INFO - Processing Batch 546
2026-04-06 21:17:02,719 - INFO - Received command c on object id p0
2026-04-06 21:17:02,719 - INFO - Processing Batch 547
2026-04-06 21:17:06,268 - INFO - Received command c on object id p0
2026-04-06 21:17:06,269 - INFO - Processing Batch 548
2026-04-06 21:17:10,717 - INFO - Received command c on object id p0
2026-04-06 21:17:10,717 - INFO - Processing Batch 549
2026-04-06 21:17:14,772 - INFO - Received command c on object id p0
2026-04-06 21:17:14,773 - INFO - Processing Batch 550
2026-04-06 21:17:18,407 - INFO - Received command c on object id p0
2026-04-06 21:17:18,408 - INFO - Processing Batch 551
2026-04-06 21:17:29,195 - INFO - Received command c on object id p0
2026-04-06 21:17:29,199 - INFO - Processing Batch 552
2026-04-06 21:17:32,740 - INFO - Received command c on object id p0
2026-04-06 21:17:32,741 - INFO - Processing Batch 553
2026-04-06 21:17:36,977 - INFO - Received command c on object id p0
2026-04-06 21:17:36,978 - INFO - Processing Batch 554
2026-04-06 21:17:40,561 - INFO - Received command c on object id p0
2026-04-06 21:17:40,561 - INFO - Processing Batch 555
2026-04-06 21:17:44,185 - INFO - Received command c on object id p0
2026-04-06 21:17:44,186 - INFO - Processing Batch 556
2026-04-06 21:17:49,333 - INFO - Received command c on object id p0
2026-04-06 21:17:49,334 - INFO - Processing Batch 557
2026-04-06 21:17:53,286 - INFO - Received command c on object id p0
2026-04-06 21:17:53,287 - INFO - Processing Batch 558
2026-04-06 21:17:57,145 - INFO - Received command c on object id p0
2026-04-06 21:17:57,146 - INFO - Processing Batch 559
2026-04-06 21:18:00,497 - INFO - Received command c on object id p0
2026-04-06 21:18:00,498 - INFO - Processing Batch 560
2026-04-06 21:18:04,143 - INFO - Received command c on object id p0
2026-04-06 21:18:04,144 - INFO - Processing Batch 561
2026-04-06 21:18:08,585 - INFO - Received command c on object id p0
2026-04-06 21:18:08,586 - INFO - Processing Batch 562
2026-04-06 21:18:11,431 - INFO - Received command c on object id p0
2026-04-06 21:18:11,432 - INFO - Processing Batch 563
2026-04-06 21:18:14,209 - INFO - Received command c on object id p0
2026-04-06 21:18:14,210 - INFO - Processing Batch 564
2026-04-06 21:18:29,224 - INFO - Received command c on object id p0
2026-04-06 21:18:29,225 - INFO - Processing Batch 565
2026-04-06 21:18:32,797 - INFO - Received command c on object id p0
2026-04-06 21:18:32,798 - INFO - Processing Batch 566
2026-04-06 21:18:36,764 - INFO - Received command c on object id p0
2026-04-06 21:18:36,765 - INFO - Processing Batch 567
2026-04-06 21:18:41,195 - INFO - Received command c on object id p0
2026-04-06 21:18:41,196 - INFO - Processing Batch 568
2026-04-06 21:18:45,281 - INFO - Received command c on object id p0
2026-04-06 21:18:45,282 - INFO - Processing Batch 569
2026-04-06 21:18:59,241 - INFO - Received command c on object id p0
2026-04-06 21:18:59,243 - INFO - Processing Batch 570
2026-04-06 21:19:07,335 - INFO - Received command c on object id p0
2026-04-06 21:19:07,336 - INFO - Processing Batch 571
2026-04-06 21:19:11,238 - INFO - Received command c on object id p0
2026-04-06 21:19:11,239 - INFO - Processing Batch 572
2026-04-06 21:19:12,730 - INFO - Received command c on object id p0
2026-04-06 21:19:12,731 - INFO - Processing Batch 573
2026-04-06 21:19:17,040 - INFO - Received command c on object id p0
2026-04-06 21:19:17,040 - INFO - Processing Batch 574
2026-04-06 21:19:29,253 - INFO - Received command c on object id p0
2026-04-06 21:19:29,254 - INFO - Processing Batch 575
2026-04-06 21:19:38,767 - INFO - Received command c on object id p0
2026-04-06 21:19:38,768 - INFO - Processing Batch 576
2026-04-06 21:19:42,948 - INFO - Received command c on object id p0
2026-04-06 21:19:42,949 - INFO - Processing Batch 577
2026-04-06 21:19:44,188 - INFO - Received command c on object id p0
2026-04-06 21:19:44,188 - INFO - Processing Batch 578
2026-04-06 21:19:47,718 - INFO - Received command c on object id p0
2026-04-06 21:19:47,718 - INFO - Processing Batch 579
2026-04-06 21:19:51,289 - INFO - Received command c on object id p0
2026-04-06 21:19:51,290 - INFO - Processing Batch 580
2026-04-06 21:19:54,891 - INFO - Received command c on object id p0
2026-04-06 21:19:54,892 - INFO - Processing Batch 581
2026-04-06 21:19:59,256 - INFO - Received command c on object id p0
2026-04-06 21:19:59,257 - INFO - Processing Batch 582
2026-04-06 21:20:10,263 - INFO - Received command c on object id p0
2026-04-06 21:20:10,264 - INFO - Processing Batch 583
2026-04-06 21:20:13,840 - INFO - Received command c on object id p0
2026-04-06 21:20:13,841 - INFO - Processing Batch 584
2026-04-06 21:20:15,519 - INFO - Received command c on object id p0
2026-04-06 21:20:15,520 - INFO - Processing Batch 585
2026-04-06 21:20:19,011 - INFO - Received command c on object id p0
2026-04-06 21:20:19,012 - INFO - Processing Batch 586
2026-04-06 21:20:27,328 - INFO - Received command c on object id p0
2026-04-06 21:20:27,329 - INFO - Processing Batch 587
2026-04-06 21:20:31,792 - INFO - Received command c on object id p0
2026-04-06 21:20:31,793 - INFO - Processing Batch 588
2026-04-06 21:20:35,418 - INFO - Received command c on object id p0
2026-04-06 21:20:35,418 - INFO - Processing Batch 589
2026-04-06 21:20:41,844 - INFO - Received command c on object id p0
2026-04-06 21:20:41,845 - INFO - Processing Batch 590
2026-04-06 21:20:45,961 - INFO - Received command c on object id p0
2026-04-06 21:20:45,961 - INFO - Processing Batch 591
2026-04-06 21:20:49,525 - INFO - Received command c on object id p0
2026-04-06 21:20:49,526 - INFO - Processing Batch 592
2026-04-06 21:20:59,263 - INFO - Received command c on object id p0
2026-04-06 21:20:59,264 - INFO - Processing Batch 593
2026-04-06 21:21:06,124 - INFO - Received command c on object id p0
2026-04-06 21:21:06,125 - INFO - Processing Batch 594
2026-04-06 21:21:10,524 - INFO - Received command c on object id p0
2026-04-06 21:21:10,525 - INFO - Processing Batch 595
2026-04-06 21:21:14,071 - INFO - Received command c on object id p0
2026-04-06 21:21:14,072 - INFO - Processing Batch 596
2026-04-06 21:21:18,434 - INFO - Received command c on object id p0
2026-04-06 21:21:18,435 - INFO - Processing Batch 597
2026-04-06 21:21:22,043 - INFO - Received command c on object id p0
2026-04-06 21:21:22,044 - INFO - Processing Batch 598
2026-04-06 21:21:29,274 - INFO - Received command c on object id p0
2026-04-06 21:21:29,275 - INFO - Processing Batch 599
2026-04-06 21:21:44,278 - INFO - Received command c on object id p0
2026-04-06 21:21:44,279 - INFO - Processing Batch 600
2026-04-06 21:21:47,819 - INFO - Received command c on object id p0
2026-04-06 21:21:47,820 - INFO - Processing Batch 601
2026-04-06 21:21:51,963 - INFO - Received command c on object id p0
2026-04-06 21:21:51,964 - INFO - Processing Batch 602
2026-04-06 21:21:59,288 - INFO - Received command c on object id p0
2026-04-06 21:21:59,289 - INFO - Processing Batch 603
2026-04-06 21:22:14,295 - INFO - Received command c on object id p0
2026-04-06 21:22:14,297 - INFO - Processing Batch 604
2026-04-06 21:22:17,845 - INFO - Received command c on object id p0
2026-04-06 21:22:17,845 - INFO - Processing Batch 605
2026-04-06 21:22:21,838 - INFO - Received command c on object id p0
2026-04-06 21:22:21,839 - INFO - Processing Batch 606
2026-04-06 21:22:26,219 - INFO - Received command c on object id p0
2026-04-06 21:22:26,220 - INFO - Processing Batch 607
2026-04-06 21:22:29,950 - INFO - Received command c on object id p0
2026-04-06 21:22:29,951 - INFO - Processing Batch 608
2026-04-06 21:22:44,303 - INFO - Received command c on object id p0
2026-04-06 21:22:44,304 - INFO - Processing Batch 609
2026-04-06 21:22:47,846 - INFO - Received command c on object id p0
2026-04-06 21:22:47,847 - INFO - Processing Batch 610
2026-04-06 21:22:51,613 - INFO - Received command c on object id p0
2026-04-06 21:22:51,614 - INFO - Processing Batch 611
2026-04-06 21:22:52,963 - INFO - Received command c on object id p0
2026-04-06 21:22:52,964 - INFO - Processing Batch 612
2026-04-06 21:22:56,965 - INFO - Received command c on object id p0
2026-04-06 21:22:56,966 - INFO - Processing Batch 613
2026-04-06 21:22:59,308 - INFO - Received command c on object id p0
2026-04-06 21:22:59,309 - INFO - Processing Batch 614
2026-04-06 21:23:02,897 - INFO - Received command c on object id p0
2026-04-06 21:23:02,898 - INFO - Processing Batch 615
2026-04-06 21:23:07,308 - INFO - Received command c on object id p0
2026-04-06 21:23:07,309 - INFO - Processing Batch 616
2026-04-06 21:23:09,568 - INFO - Received command c on object id p0
2026-04-06 21:23:09,569 - INFO - Processing Batch 617
2026-04-06 21:23:14,306 - INFO - Received command c on object id p0
2026-04-06 21:23:14,307 - INFO - Processing Batch 618
2026-04-06 21:23:19,136 - INFO - Received command c on object id p0
2026-04-06 21:23:19,137 - INFO - Processing Batch 619
2026-04-06 21:23:23,074 - INFO - Received command c on object id p0
2026-04-06 21:23:23,075 - INFO - Processing Batch 620
2026-04-06 21:23:24,303 - INFO - Received command c on object id p0
2026-04-06 21:23:24,304 - INFO - Processing Batch 621
2026-04-06 21:23:28,290 - INFO - Received command c on object id p0
2026-04-06 21:23:28,291 - INFO - Processing Batch 622
2026-04-06 21:23:29,970 - INFO - Received command c on object id p0
2026-04-06 21:23:29,971 - INFO - Processing Batch 623
2026-04-06 21:23:39,966 - INFO - Received command c on object id p0
2026-04-06 21:23:39,967 - INFO - Processing Batch 624
2026-04-06 21:23:44,036 - INFO - Received command c on object id p0
2026-04-06 21:23:44,036 - INFO - Processing Batch 625
2026-04-06 21:23:47,780 - INFO - Received command c on object id p0
2026-04-06 21:23:47,781 - INFO - Processing Batch 626
2026-04-06 21:23:51,377 - INFO - Received command c on object id p0
2026-04-06 21:23:51,378 - INFO - Processing Batch 627
2026-04-06 21:23:55,033 - INFO - Received command c on object id p0
2026-04-06 21:23:55,034 - INFO - Processing Batch 628
2026-04-06 21:23:57,962 - INFO - Received command c on object id p0
2026-04-06 21:23:57,963 - INFO - Processing Batch 629
2026-04-06 21:24:00,157 - INFO - Received command c on object id p0
2026-04-06 21:24:00,158 - INFO - Processing Batch 630
2026-04-06 21:24:14,322 - INFO - Received command c on object id p0
2026-04-06 21:24:14,323 - INFO - Processing Batch 631
2026-04-06 21:24:19,161 - INFO - Received command c on object id p0
2026-04-06 21:24:19,162 - INFO - Processing Batch 632
2026-04-06 21:24:23,560 - INFO - Received command c on object id p0
2026-04-06 21:24:23,560 - INFO - Processing Batch 633
2026-04-06 21:24:27,911 - INFO - Received command c on object id p0
2026-04-06 21:24:27,912 - INFO - Processing Batch 634
2026-04-06 21:24:31,806 - INFO - Received command c on object id p0
2026-04-06 21:24:31,807 - INFO - Processing Batch 635
2026-04-06 21:24:44,329 - INFO - Received command c on object id p0
2026-04-06 21:24:44,331 - INFO - Processing Batch 636
2026-04-06 21:24:53,665 - INFO - Received command c on object id p0
2026-04-06 21:24:53,666 - INFO - Processing Batch 637
2026-04-06 21:24:57,714 - INFO - Received command c on object id p0
2026-04-06 21:24:57,715 - INFO - Processing Batch 638
2026-04-06 21:25:02,127 - INFO - Received command c on object id p0
2026-04-06 21:25:02,128 - INFO - Processing Batch 639
2026-04-06 21:25:05,698 - INFO - Received command c on object id p0
2026-04-06 21:25:05,699 - INFO - Processing Batch 640
2026-04-06 21:25:14,332 - INFO - Received command c on object id p0
2026-04-06 21:25:14,333 - INFO - Processing Batch 641
2026-04-06 21:25:24,894 - INFO - Received command c on object id p0
2026-04-06 21:25:24,895 - INFO - Processing Batch 642
2026-04-06 21:25:28,990 - INFO - Received command c on object id p0
2026-04-06 21:25:28,990 - INFO - Processing Batch 643
2026-04-06 21:25:29,976 - INFO - Received command c on object id p0
2026-04-06 21:25:29,976 - INFO - Processing Batch 644
2026-04-06 21:25:35,162 - INFO - Received command c on object id p0
2026-04-06 21:25:35,163 - INFO - Processing Batch 645
2026-04-06 21:25:39,591 - INFO - Received command c on object id p0
2026-04-06 21:25:39,592 - INFO - Processing Batch 646
2026-04-06 21:25:43,213 - INFO - Received command c on object id p0
2026-04-06 21:25:43,214 - INFO - Processing Batch 647
2026-04-06 21:25:45,929 - INFO - Received command c on object id p0
2026-04-06 21:25:45,930 - INFO - Processing Batch 648
2026-04-06 21:25:56,326 - INFO - Received command c on object id p0
2026-04-06 21:25:56,327 - INFO - Processing Batch 649
2026-04-06 21:26:00,385 - INFO - Received command c on object id p0
2026-04-06 21:26:00,386 - INFO - Processing Batch 650
2026-04-06 21:26:04,110 - INFO - Received command c on object id p0
2026-04-06 21:26:04,111 - INFO - Processing Batch 651
2026-04-06 21:26:13,393 - INFO - Received command c on object id p0
2026-04-06 21:26:13,395 - INFO - Processing Batch 652
2026-04-06 21:26:17,864 - INFO - Received command c on object id p0
2026-04-06 21:26:17,865 - INFO - Processing Batch 653
2026-04-06 21:26:21,429 - INFO - Received command c on object id p0
2026-04-06 21:26:21,429 - INFO - Processing Batch 654
2026-04-06 21:26:27,797 - INFO - Received command c on object id p0
2026-04-06 21:26:27,798 - INFO - Processing Batch 655
2026-04-06 21:26:32,074 - INFO - Received command c on object id p0
2026-04-06 21:26:32,075 - INFO - Processing Batch 656
2026-04-06 21:26:35,756 - INFO - Received command c on object id p0
2026-04-06 21:26:35,757 - INFO - Processing Batch 657
2026-04-06 21:26:44,364 - INFO - Received command c on object id p0
2026-04-06 21:26:44,365 - INFO - Processing Batch 658
2026-04-06 21:26:51,725 - INFO - Received command c on object id p0
2026-04-06 21:26:51,729 - INFO - Processing Batch 659
2026-04-06 21:26:55,849 - INFO - Received command c on object id p0
2026-04-06 21:26:55,850 - INFO - Processing Batch 660
2026-04-06 21:26:58,695 - INFO - Received command c on object id p0
2026-04-06 21:26:58,696 - INFO - Processing Batch 661
2026-04-06 21:27:01,433 - INFO - Received command c on object id p0
2026-04-06 21:27:01,434 - INFO - Processing Batch 662
2026-04-06 21:27:05,028 - INFO - Received command c on object id p0
2026-04-06 21:27:05,029 - INFO - Processing Batch 663
2026-04-06 21:27:14,367 - INFO - Received command c on object id p0
2026-04-06 21:27:14,368 - INFO - Processing Batch 664
2026-04-06 21:27:29,177 - INFO - Received command c on object id p0
2026-04-06 21:27:29,180 - INFO - Processing Batch 665
2026-04-06 21:27:33,882 - INFO - Received command c on object id p0
2026-04-06 21:27:33,883 - INFO - Processing Batch 666
2026-04-06 21:27:37,602 - INFO - Received command c on object id p0
2026-04-06 21:27:37,603 - INFO - Processing Batch 667
2026-04-06 21:27:44,396 - INFO - Received command c on object id p0
2026-04-06 21:27:44,399 - INFO - Processing Batch 668
2026-04-06 21:27:59,381 - INFO - Received command c on object id p0
2026-04-06 21:27:59,382 - INFO - Processing Batch 669
2026-04-06 21:28:02,956 - INFO - Received command c on object id p0
2026-04-06 21:28:02,957 - INFO - Processing Batch 670
2026-04-06 21:28:06,638 - INFO - Received command c on object id p0
2026-04-06 21:28:06,639 - INFO - Processing Batch 671
2026-04-06 21:28:11,254 - INFO - Received command c on object id p0
2026-04-06 21:28:11,255 - INFO - Processing Batch 672
2026-04-06 21:28:15,153 - INFO - Received command c on object id p0
2026-04-06 21:28:15,153 - INFO - Processing Batch 673
2026-04-06 21:28:29,439 - INFO - Received command c on object id p0
2026-04-06 21:28:29,441 - INFO - Processing Batch 674
2026-04-06 21:28:33,641 - INFO - Received command c on object id p0
2026-04-06 21:28:33,642 - INFO - Processing Batch 675
2026-04-06 21:28:37,176 - INFO - Received command c on object id p0
2026-04-06 21:28:37,177 - INFO - Processing Batch 676
2026-04-06 21:28:40,222 - INFO - Received command c on object id p0
2026-04-06 21:28:40,223 - INFO - Processing Batch 677
2026-04-06 21:28:44,384 - INFO - Received command c on object id p0
2026-04-06 21:28:44,387 - INFO - Processing Batch 678
2026-04-06 21:28:48,081 - INFO - Received command c on object id p0
2026-04-06 21:28:48,082 - INFO - Processing Batch 679
2026-04-06 21:28:52,417 - INFO - Received command c on object id p0
2026-04-06 21:28:52,418 - INFO - Processing Batch 680
2026-04-06 21:28:59,415 - INFO - Received command c on object id p0
2026-04-06 21:28:59,416 - INFO - Processing Batch 681
2026-04-06 21:29:05,464 - INFO - Received command c on object id p0
2026-04-06 21:29:05,465 - INFO - Processing Batch 682
2026-04-06 21:29:09,346 - INFO - Received command c on object id p0
2026-04-06 21:29:09,347 - INFO - Processing Batch 683
2026-04-06 21:29:12,289 - INFO - Received command c on object id p0
2026-04-06 21:29:12,290 - INFO - Processing Batch 684
2026-04-06 21:29:14,599 - INFO - Received command c on object id p0
2026-04-06 21:29:14,600 - INFO - Processing Batch 685
2026-04-06 21:29:24,885 - INFO - Received command c on object id p0
2026-04-06 21:29:24,888 - INFO - Processing Batch 686
2026-04-06 21:29:28,980 - INFO - Received command c on object id p0
2026-04-06 21:29:28,981 - INFO - Processing Batch 687
2026-04-06 21:29:31,358 - INFO - Received command c on object id p0
2026-04-06 21:29:31,359 - INFO - Processing Batch 688
2026-04-06 21:29:36,801 - INFO - Received command c on object id p0
2026-04-06 21:29:36,802 - INFO - Processing Batch 689
2026-04-06 21:29:40,363 - INFO - Received command c on object id p0
2026-04-06 21:29:40,364 - INFO - Processing Batch 690
2026-04-06 21:29:43,388 - INFO - Received command c on object id p0
2026-04-06 21:29:43,389 - INFO - Processing Batch 691
2026-04-06 21:29:45,651 - INFO - Received command c on object id p0
2026-04-06 21:29:45,652 - INFO - Processing Batch 692
2026-04-06 21:29:59,475 - INFO - Received command c on object id p0
2026-04-06 21:29:59,478 - INFO - Processing Batch 693
2026-04-06 21:30:03,228 - INFO - Received command c on object id p0
2026-04-06 21:30:03,229 - INFO - Processing Batch 694
2026-04-06 21:30:07,706 - INFO - Received command c on object id p0
2026-04-06 21:30:07,707 - INFO - Processing Batch 695
2026-04-06 21:30:10,587 - INFO - Received command c on object id p0
2026-04-06 21:30:10,588 - INFO - Processing Batch 696
2026-04-06 21:30:14,750 - INFO - Received command c on object id p0
2026-04-06 21:30:14,751 - INFO - Processing Batch 697
2026-04-06 21:30:29,464 - INFO - Received command c on object id p0
2026-04-06 21:30:29,466 - INFO - Processing Batch 698
2026-04-06 21:30:39,335 - INFO - Received command c on object id p0
2026-04-06 21:30:39,336 - INFO - Processing Batch 699
2026-04-06 21:30:43,341 - INFO - Received command c on object id p0
2026-04-06 21:30:43,343 - INFO - Processing Batch 700
2026-04-06 21:30:47,662 - INFO - Received command c on object id p0
2026-04-06 21:30:47,663 - INFO - Processing Batch 701
2026-04-06 21:30:59,489 - INFO - Received command c on object id p0
2026-04-06 21:30:59,491 - INFO - Processing Batch 702
2026-04-06 21:31:10,829 - INFO - Received command c on object id p0
2026-04-06 21:31:10,830 - INFO - Processing Batch 703
2026-04-06 21:31:14,838 - INFO - Received command c on object id p0
2026-04-06 21:31:14,839 - INFO - Processing Batch 704
2026-04-06 21:31:18,467 - INFO - Received command c on object id p0
2026-04-06 21:31:18,468 - INFO - Processing Batch 705
2026-04-06 21:31:20,755 - INFO - Received command c on object id p0
2026-04-06 21:31:20,755 - INFO - Processing Batch 706
2026-04-06 21:31:24,955 - INFO - Received command c on object id p0
2026-04-06 21:31:24,956 - INFO - Processing Batch 707
2026-04-06 21:31:29,463 - INFO - Received command c on object id p0
2026-04-06 21:31:29,464 - INFO - Processing Batch 708
2026-04-06 21:31:42,156 - INFO - Received command c on object id p0
2026-04-06 21:31:42,158 - INFO - Processing Batch 709
2026-04-06 21:31:46,120 - INFO - Received command c on object id p0
2026-04-06 21:31:46,120 - INFO - Processing Batch 710
2026-04-06 21:31:49,739 - INFO - Received command c on object id p0
2026-04-06 21:31:49,740 - INFO - Processing Batch 711
2026-04-06 21:31:57,877 - INFO - Received command c on object id p0
2026-04-06 21:31:57,884 - INFO - Processing Batch 712
2026-04-06 21:32:02,237 - INFO - Received command c on object id p0
2026-04-06 21:32:02,238 - INFO - Processing Batch 713
2026-04-06 21:32:05,782 - INFO - Received command c on object id p0
2026-04-06 21:32:05,783 - INFO - Processing Batch 714
2026-04-06 21:32:13,583 - INFO - Received command c on object id p0
2026-04-06 21:32:13,584 - INFO - Processing Batch 715
2026-04-06 21:32:17,479 - INFO - Received command c on object id p0
2026-04-06 21:32:17,480 - INFO - Processing Batch 716
2026-04-06 21:32:21,269 - INFO - Received command c on object id p0
2026-04-06 21:32:21,270 - INFO - Processing Batch 717
2026-04-06 21:32:29,514 - INFO - Received command c on object id p0
2026-04-06 21:32:29,515 - INFO - Processing Batch 718
2026-04-06 21:32:37,485 - INFO - Received command c on object id p0
2026-04-06 21:32:37,486 - INFO - Processing Batch 719
2026-04-06 21:32:42,050 - INFO - Received command c on object id p0
2026-04-06 21:32:42,051 - INFO - Processing Batch 720
2026-04-06 21:32:44,359 - INFO - Received command c on object id p0
2026-04-06 21:32:44,360 - INFO - Processing Batch 721
2026-04-06 21:32:47,667 - INFO - Received command c on object id p0
2026-04-06 21:32:47,667 - INFO - Processing Batch 722
2026-04-06 21:32:51,338 - INFO - Received command c on object id p0
2026-04-06 21:32:51,339 - INFO - Processing Batch 723
2026-04-06 21:32:59,531 - INFO - Received command c on object id p0
2026-04-06 21:32:59,532 - INFO - Processing Batch 724
2026-04-06 21:33:14,548 - INFO - Received command c on object id p0
2026-04-06 21:33:14,552 - INFO - Processing Batch 725
2026-04-06 21:33:18,231 - INFO - Received command c on object id p0
2026-04-06 21:33:18,232 - INFO - Processing Batch 726
2026-04-06 21:33:22,417 - INFO - Received command c on object id p0
2026-04-06 21:33:22,418 - INFO - Processing Batch 727
2026-04-06 21:33:29,555 - INFO - Received command c on object id p0
2026-04-06 21:33:29,557 - INFO - Processing Batch 728
2026-04-06 21:33:44,560 - INFO - Received command c on object id p0
2026-04-06 21:33:44,561 - INFO - Processing Batch 729
2026-04-06 21:33:48,116 - INFO - Received command c on object id p0
2026-04-06 21:33:48,117 - INFO - Processing Batch 730
2026-04-06 21:33:52,157 - INFO - Received command c on object id p0
2026-04-06 21:33:52,158 - INFO - Processing Batch 731
2026-04-06 21:33:55,225 - INFO - Received command c on object id p0
2026-04-06 21:33:55,226 - INFO - Processing Batch 732
2026-04-06 21:33:59,528 - INFO - Received command c on object id p0
2026-04-06 21:33:59,529 - INFO - Processing Batch 733
2026-04-06 21:34:19,248 - INFO - Received command c on object id p0
2026-04-06 21:34:19,249 - INFO - Processing Batch 734
2026-04-06 21:34:22,812 - INFO - Received command c on object id p0
2026-04-06 21:34:22,813 - INFO - Processing Batch 735
2026-04-06 21:34:25,505 - INFO - Received command c on object id p0
2026-04-06 21:34:25,506 - INFO - Processing Batch 736
2026-04-06 21:34:31,272 - INFO - Received command c on object id p0
2026-04-06 21:34:31,273 - INFO - Processing Batch 737
2026-04-06 21:34:35,848 - INFO - Received command c on object id p0
2026-04-06 21:34:35,849 - INFO - Processing Batch 738
2026-04-06 21:34:39,535 - INFO - Received command c on object id p0
2026-04-06 21:34:39,536 - INFO - Processing Batch 739
2026-04-06 21:34:50,370 - INFO - Received command c on object id p0
2026-04-06 21:34:50,371 - INFO - Processing Batch 740
2026-04-06 21:34:54,412 - INFO - Received command c on object id p0
2026-04-06 21:34:54,413 - INFO - Processing Batch 741
2026-04-06 21:34:57,362 - INFO - Received command c on object id p0
2026-04-06 21:34:57,363 - INFO - Processing Batch 742
2026-04-06 21:35:10,211 - INFO - Received command c on object id p0
2026-04-06 21:35:10,212 - INFO - Processing Batch 743
2026-04-06 21:35:14,110 - INFO - Received command c on object id p0
2026-04-06 21:35:14,111 - INFO - Processing Batch 744
2026-04-06 21:35:17,112 - INFO - Received command c on object id p0
2026-04-06 21:35:17,113 - INFO - Processing Batch 745
2026-04-06 21:35:21,856 - INFO - Received command c on object id p0
2026-04-06 21:35:21,858 - INFO - Processing Batch 746
2026-04-06 21:35:25,737 - INFO - Received command c on object id p0
2026-04-06 21:35:25,738 - INFO - Processing Batch 747
2026-04-06 21:35:28,732 - INFO - Received command c on object id p0
2026-04-06 21:35:28,733 - INFO - Processing Batch 748
2026-04-06 21:35:47,654 - INFO - Received command c on object id p0
2026-04-06 21:35:47,657 - INFO - Processing Batch 749
2026-04-06 21:35:52,064 - INFO - Received command c on object id p0
2026-04-06 21:35:52,065 - INFO - Processing Batch 750
2026-04-06 21:35:55,046 - INFO - Received command c on object id p0
2026-04-06 21:35:55,047 - INFO - Processing Batch 751
2026-04-06 21:35:58,692 - INFO - Received command c on object id p0
2026-04-06 21:35:58,693 - INFO - Processing Batch 752
2026-04-06 21:36:23,645 - INFO - Received command c on object id p0
2026-04-06 21:36:23,655 - INFO - Processing Batch 753
2026-04-06 21:36:27,299 - INFO - Received command c on object id p0
2026-04-06 21:36:27,300 - INFO - Processing Batch 754
2026-04-06 21:36:31,781 - INFO - Received command c on object id p0
2026-04-06 21:36:31,782 - INFO - Processing Batch 755
2026-04-06 21:36:34,237 - INFO - Received command c on object id p0
2026-04-06 21:36:34,238 - INFO - Processing Batch 756
2026-04-06 21:36:38,640 - INFO - Received command c on object id p0
2026-04-06 21:36:38,641 - INFO - Processing Batch 757
2026-04-06 21:36:41,894 - INFO - Received command c on object id p0
2026-04-06 21:36:41,895 - INFO - Processing Batch 758
2026-04-06 21:36:46,339 - INFO - Error while receiving.
Traceback (most recent call last):
  File "/Users/poorvajha/Desktop/College/SEM6/Real-Time-Web-Intelligence-Platform/venv/lib/python3.13/site-packages/py4j/clientserver.py", line 511, in send_command
    answer = smart_decode(self.stream.readline()[:-1])
                          ~~~~~~~~~~~~~~~~~~~~^^
RuntimeError: reentrant call inside <_io.BufferedReader name=4>
2026-04-06 21:36:46,341 - INFO - Closing down clientserver connection
2026-04-06 21:36:46,341 - ERROR - Exception while sending command.
Traceback (most recent call last):
  File "/Users/poorvajha/Desktop/College/SEM6/Real-Time-Web-Intelligence-Platform/venv/lib/python3.13/site-packages/py4j/clientserver.py", line 511, in send_command
    answer = smart_decode(self.stream.readline()[:-1])
                          ~~~~~~~~~~~~~~~~~~~~^^
RuntimeError: reentrant call inside <_io.BufferedReader name=4>

During handling of the above exception, another exception occurred:

Traceback (most recent call last):
  File "/Users/poorvajha/Desktop/College/SEM6/Real-Time-Web-Intelligence-Platform/venv/lib/python3.13/site-packages/py4j/java_gateway.py", line 1038, in send_command
    response = connection.send_command(command)
  File "/Users/poorvajha/Desktop/College/SEM6/Real-Time-Web-Intelligence-Platform/venv/lib/python3.13/site-packages/py4j/clientserver.py", line 539, in send_command
    raise Py4JNetworkError(
        "Error while sending or receiving", e, proto.ERROR_ON_RECEIVE)
py4j.protocol.Py4JNetworkError: Error while sending or receiving
2026-04-06 21:36:46,346 - INFO - Error while receiving.
Traceback (most recent call last):
  File "/Users/poorvajha/Desktop/College/SEM6/Real-Time-Web-Intelligence-Platform/venv/lib/python3.13/site-packages/py4j/clientserver.py", line 511, in send_command
    answer = smart_decode(self.stream.readline()[:-1])
                          ~~~~~~~~~~~~~~~~~~~~^^
  File "/Library/Frameworks/Python.framework/Versions/3.13/lib/python3.13/socket.py", line 719, in readinto
    return self._sock.recv_into(b)
           ~~~~~~~~~~~~~~~~~~~~^^^
  File "/Users/poorvajha/Desktop/College/SEM6/Real-Time-Web-Intelligence-Platform/venv/lib/python3.13/site-packages/pyspark/context.py", line 381, in signal_handler
    self.cancelAllJobs()
    ~~~~~~~~~~~~~~~~~~^^
  File "/Users/poorvajha/Desktop/College/SEM6/Real-Time-Web-Intelligence-Platform/venv/lib/python3.13/site-packages/pyspark/context.py", line 2446, in cancelAllJobs
    self._jsc.sc().cancelAllJobs()
    ~~~~~~~~~~~~^^
  File "/Users/poorvajha/Desktop/College/SEM6/Real-Time-Web-Intelligence-Platform/venv/lib/python3.13/site-packages/py4j/java_gateway.py", line 1322, in __call__
    return_value = get_return_value(
        answer, self.gateway_client, self.target_id, self.name)
  File "/Users/poorvajha/Desktop/College/SEM6/Real-Time-Web-Intelligence-Platform/venv/lib/python3.13/site-packages/pyspark/errors/exceptions/captured.py", line 179, in deco
    return f(*a, **kw)
  File "/Users/poorvajha/Desktop/College/SEM6/Real-Time-Web-Intelligence-Platform/venv/lib/python3.13/site-packages/py4j/protocol.py", line 334, in get_return_value
    raise Py4JError(
        "An error occurred while calling {0}{1}{2}".
        format(target_id, ".", name))
py4j.protocol.Py4JError: An error occurred while calling o22.sc
2026-04-06 21:36:46,349 - INFO - Closing down clientserver connection
2026-04-06 21:36:46,350 - ERROR - Exception while sending command.
Traceback (most recent call last):
  File "/Users/poorvajha/Desktop/College/SEM6/Real-Time-Web-Intelligence-Platform/venv/lib/python3.13/site-packages/py4j/clientserver.py", line 511, in send_command
    answer = smart_decode(self.stream.readline()[:-1])
                          ~~~~~~~~~~~~~~~~~~~~^^
  File "/Library/Frameworks/Python.framework/Versions/3.13/lib/python3.13/socket.py", line 719, in readinto
    return self._sock.recv_into(b)
           ~~~~~~~~~~~~~~~~~~~~^^^
  File "/Users/poorvajha/Desktop/College/SEM6/Real-Time-Web-Intelligence-Platform/venv/lib/python3.13/site-packages/pyspark/context.py", line 381, in signal_handler
    self.cancelAllJobs()
    ~~~~~~~~~~~~~~~~~~^^
  File "/Users/poorvajha/Desktop/College/SEM6/Real-Time-Web-Intelligence-Platform/venv/lib/python3.13/site-packages/pyspark/context.py", line 2446, in cancelAllJobs
    self._jsc.sc().cancelAllJobs()
    ~~~~~~~~~~~~^^
  File "/Users/poorvajha/Desktop/College/SEM6/Real-Time-Web-Intelligence-Platform/venv/lib/python3.13/site-packages/py4j/java_gateway.py", line 1322, in __call__
    return_value = get_return_value(
        answer, self.gateway_client, self.target_id, self.name)
  File "/Users/poorvajha/Desktop/College/SEM6/Real-Time-Web-Intelligence-Platform/venv/lib/python3.13/site-packages/pyspark/errors/exceptions/captured.py", line 179, in deco
    return f(*a, **kw)
  File "/Users/poorvajha/Desktop/College/SEM6/Real-Time-Web-Intelligence-Platform/venv/lib/python3.13/site-packages/py4j/protocol.py", line 334, in get_return_value
    raise Py4JError(
        "An error occurred while calling {0}{1}{2}".
        format(target_id, ".", name))
py4j.protocol.Py4JError: An error occurred while calling o22.sc

During handling of the above exception, another exception occurred:

Traceback (most recent call last):
  File "/Users/poorvajha/Desktop/College/SEM6/Real-Time-Web-Intelligence-Platform/venv/lib/python3.13/site-packages/py4j/java_gateway.py", line 1038, in send_command
    response = connection.send_command(command)
  File "/Users/poorvajha/Desktop/College/SEM6/Real-Time-Web-Intelligence-Platform/venv/lib/python3.13/site-packages/py4j/clientserver.py", line 539, in send_command
    raise Py4JNetworkError(
        "Error while sending or receiving", e, proto.ERROR_ON_RECEIVE)
py4j.protocol.Py4JNetworkError: Error while sending or receiving
2026-04-06 21:36:46,351 - INFO - Closing down clientserver connection
2026-04-06 21:36:46,357 - INFO - Closing down clientserver connection
2026-04-06 21:36:55,215 - INFO - Callback Server Starting
2026-04-06 21:36:55,216 - INFO - Socket listening on ('127.0.0.1', 49403)
2026-04-06 21:36:55,358 - INFO - Error while receiving.
Traceback (most recent call last):
  File "/Users/poorvajha/Desktop/College/SEM6/Real-Time-Web-Intelligence-Platform/venv/lib/python3.13/site-packages/py4j/clientserver.py", line 511, in send_command
    answer = smart_decode(self.stream.readline()[:-1])
                          ~~~~~~~~~~~~~~~~~~~~^^
RuntimeError: reentrant call inside <_io.BufferedReader name=4>
2026-04-06 21:36:55,360 - INFO - Closing down clientserver connection
2026-04-06 21:36:55,360 - ERROR - Exception while sending command.
Traceback (most recent call last):
  File "/Users/poorvajha/Desktop/College/SEM6/Real-Time-Web-Intelligence-Platform/venv/lib/python3.13/site-packages/py4j/clientserver.py", line 511, in send_command
    answer = smart_decode(self.stream.readline()[:-1])
                          ~~~~~~~~~~~~~~~~~~~~^^
RuntimeError: reentrant call inside <_io.BufferedReader name=4>

During handling of the above exception, another exception occurred:

Traceback (most recent call last):
  File "/Users/poorvajha/Desktop/College/SEM6/Real-Time-Web-Intelligence-Platform/venv/lib/python3.13/site-packages/py4j/java_gateway.py", line 1038, in send_command
    response = connection.send_command(command)
  File "/Users/poorvajha/Desktop/College/SEM6/Real-Time-Web-Intelligence-Platform/venv/lib/python3.13/site-packages/py4j/clientserver.py", line 539, in send_command
    raise Py4JNetworkError(
        "Error while sending or receiving", e, proto.ERROR_ON_RECEIVE)
py4j.protocol.Py4JNetworkError: Error while sending or receiving
2026-04-06 21:36:55,360 - INFO - Error while receiving.
Traceback (most recent call last):
  File "/Users/poorvajha/Desktop/College/SEM6/Real-Time-Web-Intelligence-Platform/venv/lib/python3.13/site-packages/py4j/clientserver.py", line 511, in send_command
    answer = smart_decode(self.stream.readline()[:-1])
                          ~~~~~~~~~~~~~~~~~~~~^^
  File "/Library/Frameworks/Python.framework/Versions/3.13/lib/python3.13/socket.py", line 719, in readinto
    return self._sock.recv_into(b)
           ~~~~~~~~~~~~~~~~~~~~^^^
  File "/Users/poorvajha/Desktop/College/SEM6/Real-Time-Web-Intelligence-Platform/venv/lib/python3.13/site-packages/pyspark/context.py", line 381, in signal_handler
    self.cancelAllJobs()
    ~~~~~~~~~~~~~~~~~~^^
  File "/Users/poorvajha/Desktop/College/SEM6/Real-Time-Web-Intelligence-Platform/venv/lib/python3.13/site-packages/pyspark/context.py", line 2446, in cancelAllJobs
    self._jsc.sc().cancelAllJobs()
    ~~~~~~~~~~~~^^
  File "/Users/poorvajha/Desktop/College/SEM6/Real-Time-Web-Intelligence-Platform/venv/lib/python3.13/site-packages/py4j/java_gateway.py", line 1322, in __call__
    return_value = get_return_value(
        answer, self.gateway_client, self.target_id, self.name)
  File "/Users/poorvajha/Desktop/College/SEM6/Real-Time-Web-Intelligence-Platform/venv/lib/python3.13/site-packages/pyspark/errors/exceptions/captured.py", line 179, in deco
    return f(*a, **kw)
  File "/Users/poorvajha/Desktop/College/SEM6/Real-Time-Web-Intelligence-Platform/venv/lib/python3.13/site-packages/py4j/protocol.py", line 334, in get_return_value
    raise Py4JError(
        "An error occurred while calling {0}{1}{2}".
        format(target_id, ".", name))
py4j.protocol.Py4JError: An error occurred while calling o22.sc
2026-04-06 21:36:55,361 - INFO - Closing down clientserver connection
2026-04-06 21:36:55,361 - ERROR - Exception while sending command.
Traceback (most recent call last):
  File "/Users/poorvajha/Desktop/College/SEM6/Real-Time-Web-Intelligence-Platform/venv/lib/python3.13/site-packages/py4j/clientserver.py", line 511, in send_command
    answer = smart_decode(self.stream.readline()[:-1])
                          ~~~~~~~~~~~~~~~~~~~~^^
  File "/Library/Frameworks/Python.framework/Versions/3.13/lib/python3.13/socket.py", line 719, in readinto
    return self._sock.recv_into(b)
           ~~~~~~~~~~~~~~~~~~~~^^^
  File "/Users/poorvajha/Desktop/College/SEM6/Real-Time-Web-Intelligence-Platform/venv/lib/python3.13/site-packages/pyspark/context.py", line 381, in signal_handler
    self.cancelAllJobs()
    ~~~~~~~~~~~~~~~~~~^^
  File "/Users/poorvajha/Desktop/College/SEM6/Real-Time-Web-Intelligence-Platform/venv/lib/python3.13/site-packages/pyspark/context.py", line 2446, in cancelAllJobs
    self._jsc.sc().cancelAllJobs()
    ~~~~~~~~~~~~^^
  File "/Users/poorvajha/Desktop/College/SEM6/Real-Time-Web-Intelligence-Platform/venv/lib/python3.13/site-packages/py4j/java_gateway.py", line 1322, in __call__
    return_value = get_return_value(
        answer, self.gateway_client, self.target_id, self.name)
  File "/Users/poorvajha/Desktop/College/SEM6/Real-Time-Web-Intelligence-Platform/venv/lib/python3.13/site-packages/pyspark/errors/exceptions/captured.py", line 179, in deco
    return f(*a, **kw)
  File "/Users/poorvajha/Desktop/College/SEM6/Real-Time-Web-Intelligence-Platform/venv/lib/python3.13/site-packages/py4j/protocol.py", line 334, in get_return_value
    raise Py4JError(
        "An error occurred while calling {0}{1}{2}".
        format(target_id, ".", name))
py4j.protocol.Py4JError: An error occurred while calling o22.sc

During handling of the above exception, another exception occurred:

Traceback (most recent call last):
  File "/Users/poorvajha/Desktop/College/SEM6/Real-Time-Web-Intelligence-Platform/venv/lib/python3.13/site-packages/py4j/java_gateway.py", line 1038, in send_command
    response = connection.send_command(command)
  File "/Users/poorvajha/Desktop/College/SEM6/Real-Time-Web-Intelligence-Platform/venv/lib/python3.13/site-packages/py4j/clientserver.py", line 539, in send_command
    raise Py4JNetworkError(
        "Error while sending or receiving", e, proto.ERROR_ON_RECEIVE)
py4j.protocol.Py4JNetworkError: Error while sending or receiving
2026-04-06 21:36:55,361 - INFO - Closing down clientserver connection
2026-04-06 21:36:55,362 - INFO - Closing down clientserver connection
2026-04-06 21:39:05,459 - INFO - Callback Server Starting
2026-04-06 21:39:05,459 - INFO - Socket listening on ('127.0.0.1', 49511)
2026-04-06 21:39:05,788 - INFO - Python Server ready to receive messages
2026-04-06 21:39:05,788 - INFO - Received command c on object id p0
2026-04-06 21:39:05,789 - INFO - Processing Batch 759
2026-04-06 21:39:11,613 - INFO - Received command c on object id p0
2026-04-06 21:39:11,614 - INFO - Processing Batch 760
2026-04-06 21:39:15,321 - INFO - Received command c on object id p0
2026-04-06 21:39:15,322 - INFO - Processing Batch 761
2026-04-06 21:39:19,138 - INFO - Received command c on object id p0
2026-04-06 21:39:19,139 - INFO - Processing Batch 762
2026-04-06 21:39:26,306 - INFO - Received command c on object id p0
2026-04-06 21:39:26,307 - INFO - Processing Batch 763
2026-04-06 21:39:41,330 - INFO - Received command c on object id p0
2026-04-06 21:39:41,332 - INFO - Processing Batch 764
2026-04-06 21:39:46,522 - INFO - Received command c on object id p0
2026-04-06 21:39:46,523 - INFO - Processing Batch 765
2026-04-06 21:39:50,925 - INFO - Received command c on object id p0
2026-04-06 21:39:50,926 - INFO - Processing Batch 766
2026-04-06 21:39:55,397 - INFO - Received command c on object id p0
2026-04-06 21:39:55,398 - INFO - Processing Batch 767
2026-04-06 21:39:58,183 - INFO - Received command c on object id p0
2026-04-06 21:39:58,184 - INFO - Processing Batch 768
2026-04-06 21:40:11,333 - INFO - Received command c on object id p0
2026-04-06 21:40:11,334 - INFO - Processing Batch 769
2026-04-06 21:40:20,989 - INFO - Received command c on object id p0
2026-04-06 21:40:20,990 - INFO - Processing Batch 770
2026-04-06 21:40:24,976 - INFO - Received command c on object id p0
2026-04-06 21:40:24,977 - INFO - Processing Batch 771
2026-04-06 21:40:28,862 - INFO - Received command c on object id p0
2026-04-06 21:40:28,863 - INFO - Processing Batch 772
2026-04-06 21:40:32,461 - INFO - Received command c on object id p0
2026-04-06 21:40:32,462 - INFO - Processing Batch 773
2026-04-06 21:40:41,361 - INFO - Received command c on object id p0
2026-04-06 21:40:41,362 - INFO - Processing Batch 774
2026-04-06 21:40:52,156 - INFO - Received command c on object id p0
2026-04-06 21:40:52,157 - INFO - Processing Batch 775
2026-04-06 21:40:56,389 - INFO - Received command c on object id p0
2026-04-06 21:40:56,390 - INFO - Processing Batch 776
2026-04-06 21:41:02,315 - INFO - Received command c on object id p0
2026-04-06 21:41:02,316 - INFO - Processing Batch 777
2026-04-06 21:41:06,589 - INFO - Received command c on object id p0
2026-04-06 21:41:06,590 - INFO - Processing Batch 778
2026-04-06 21:41:09,405 - INFO - Received command c on object id p0
2026-04-06 21:41:09,406 - INFO - Processing Batch 779
2026-04-06 21:41:12,919 - INFO - Received command c on object id p0
2026-04-06 21:41:12,920 - INFO - Processing Batch 780
2026-04-06 21:41:23,489 - INFO - Received command c on object id p0
2026-04-06 21:41:23,490 - INFO - Processing Batch 781
2026-04-06 21:41:27,607 - INFO - Received command c on object id p0
2026-04-06 21:41:27,608 - INFO - Processing Batch 782
2026-04-06 21:41:40,621 - INFO - Received command c on object id p0
2026-04-06 21:41:40,622 - INFO - Processing Batch 783
2026-04-06 21:41:45,022 - INFO - Received command c on object id p0
2026-04-06 21:41:45,022 - INFO - Processing Batch 784
2026-04-06 21:41:48,626 - INFO - Received command c on object id p0
2026-04-06 21:41:48,627 - INFO - Processing Batch 785
2026-04-06 21:41:54,803 - INFO - Received command c on object id p0
2026-04-06 21:41:54,803 - INFO - Processing Batch 786
2026-04-06 21:41:58,768 - INFO - Received command c on object id p0
2026-04-06 21:41:58,769 - INFO - Processing Batch 787
2026-04-06 21:42:04,586 - INFO - Received command c on object id p0
2026-04-06 21:42:04,588 - INFO - Processing Batch 788
2026-04-06 21:42:08,708 - INFO - Received command c on object id p0
2026-04-06 21:42:08,709 - INFO - Processing Batch 789
2026-04-06 21:42:11,410 - INFO - Received command c on object id p0
2026-04-06 21:42:11,412 - INFO - Processing Batch 790
2026-04-06 21:42:19,062 - INFO - Received command c on object id p0
2026-04-06 21:42:19,063 - INFO - Processing Batch 791
2026-04-06 21:42:23,707 - INFO - Received command c on object id p0
2026-04-06 21:42:23,708 - INFO - Processing Batch 792
2026-04-06 21:42:27,548 - INFO - Received command c on object id p0
2026-04-06 21:42:27,549 - INFO - Processing Batch 793
2026-04-06 21:42:41,422 - INFO - Received command c on object id p0
2026-04-06 21:42:41,424 - INFO - Processing Batch 794
2026-04-06 21:42:56,402 - INFO - Received command c on object id p0
2026-04-06 21:42:56,404 - INFO - Processing Batch 795
2026-04-06 21:42:59,993 - INFO - Received command c on object id p0
2026-04-06 21:42:59,993 - INFO - Processing Batch 796
2026-04-06 21:43:04,545 - INFO - Received command c on object id p0
2026-04-06 21:43:04,546 - INFO - Processing Batch 797
2026-04-06 21:43:07,471 - INFO - Received command c on object id p0
2026-04-06 21:43:07,472 - INFO - Processing Batch 798
2026-04-06 21:43:12,313 - INFO - Received command c on object id p0
2026-04-06 21:43:12,314 - INFO - Processing Batch 799
2026-04-06 21:43:26,402 - INFO - Received command c on object id p0
2026-04-06 21:43:26,403 - INFO - Processing Batch 800
2026-04-06 21:43:29,970 - INFO - Received command c on object id p0
2026-04-06 21:43:29,971 - INFO - Processing Batch 801
2026-04-06 21:43:33,975 - INFO - Received command c on object id p0
2026-04-06 21:43:33,976 - INFO - Processing Batch 802
2026-04-06 21:43:36,517 - INFO - Received command c on object id p0
2026-04-06 21:43:36,518 - INFO - Processing Batch 803
2026-04-06 21:43:40,918 - INFO - Received command c on object id p0
2026-04-06 21:43:40,919 - INFO - Processing Batch 804
2026-04-06 21:43:43,404 - INFO - Received command c on object id p0
2026-04-06 21:43:43,405 - INFO - Processing Batch 805
2026-04-06 21:43:56,416 - INFO - Received command c on object id p0
2026-04-06 21:43:56,418 - INFO - Processing Batch 806
2026-04-06 21:44:00,849 - INFO - Received command c on object id p0
2026-04-06 21:44:00,849 - INFO - Processing Batch 807
2026-04-06 21:44:04,833 - INFO - Received command c on object id p0
2026-04-06 21:44:04,835 - INFO - Processing Batch 808
2026-04-06 21:44:08,735 - INFO - Received command c on object id p0
2026-04-06 21:44:08,736 - INFO - Processing Batch 809
2026-04-06 21:44:12,937 - INFO - Received command c on object id p0
2026-04-06 21:44:12,938 - INFO - Processing Batch 810
2026-04-06 21:44:16,735 - INFO - Received command c on object id p0
2026-04-06 21:44:16,736 - INFO - Processing Batch 811
2026-04-06 21:44:20,915 - INFO - Received command c on object id p0
2026-04-06 21:44:20,916 - INFO - Processing Batch 812
2026-04-06 21:44:26,434 - INFO - Received command c on object id p0
2026-04-06 21:44:26,435 - INFO - Processing Batch 813
2026-04-06 21:44:32,550 - INFO - Received command c on object id p0
2026-04-06 21:44:32,551 - INFO - Processing Batch 814
2026-04-06 21:44:36,758 - INFO - Received command c on object id p0
2026-04-06 21:44:36,759 - INFO - Processing Batch 815
2026-04-06 21:44:41,434 - INFO - Received command c on object id p0
2026-04-06 21:44:41,435 - INFO - Processing Batch 816
2026-04-06 21:44:53,646 - INFO - Received command c on object id p0
2026-04-06 21:44:53,649 - INFO - Processing Batch 817
2026-04-06 21:44:58,293 - INFO - Received command c on object id p0
2026-04-06 21:44:58,293 - INFO - Processing Batch 818
2026-04-06 21:45:01,966 - INFO - Received command c on object id p0
2026-04-06 21:45:01,967 - INFO - Processing Batch 819
2026-04-06 21:45:05,251 - INFO - Received command c on object id p0
2026-04-06 21:45:05,251 - INFO - Processing Batch 820
2026-04-06 21:45:09,328 - INFO - Received command c on object id p0
2026-04-06 21:45:09,329 - INFO - Processing Batch 821
2026-04-06 21:45:11,349 - INFO - Received command c on object id p0
2026-04-06 21:45:11,350 - INFO - Processing Batch 822
2026-04-06 21:45:15,513 - INFO - Received command c on object id p0
2026-04-06 21:45:15,514 - INFO - Processing Batch 823
2026-04-06 21:45:26,427 - INFO - Received command c on object id p0
2026-04-06 21:45:26,428 - INFO - Processing Batch 824
2026-04-06 21:45:32,234 - INFO - Received command c on object id p0
2026-04-06 21:45:32,235 - INFO - Processing Batch 825
2026-04-06 21:45:36,770 - INFO - Received command c on object id p0
2026-04-06 21:45:36,771 - INFO - Processing Batch 826
2026-04-06 21:45:40,385 - INFO - Received command c on object id p0
2026-04-06 21:45:40,386 - INFO - Processing Batch 827
2026-04-06 21:45:44,934 - INFO - Received command c on object id p0
2026-04-06 21:45:44,935 - INFO - Processing Batch 828
2026-04-06 21:45:56,488 - INFO - Received command c on object id p0
2026-04-06 21:45:56,490 - INFO - Processing Batch 829
2026-04-06 21:46:08,290 - INFO - Received command c on object id p0
2026-04-06 21:46:08,293 - INFO - Processing Batch 830
2026-04-06 21:46:12,524 - INFO - Received command c on object id p0
2026-04-06 21:46:12,525 - INFO - Processing Batch 831
2026-04-06 21:46:16,140 - INFO - Received command c on object id p0
2026-04-06 21:46:16,141 - INFO - Processing Batch 832
2026-04-06 21:46:21,057 - INFO - Received command c on object id p0
2026-04-06 21:46:21,058 - INFO - Processing Batch 833
2026-04-06 21:46:26,489 - INFO - Received command c on object id p0
2026-04-06 21:46:26,491 - INFO - Processing Batch 834
2026-04-06 21:46:39,716 - INFO - Received command c on object id p0
2026-04-06 21:46:39,718 - INFO - Processing Batch 835
2026-04-06 21:46:44,001 - INFO - Received command c on object id p0
2026-04-06 21:46:44,002 - INFO - Processing Batch 836
2026-04-06 21:46:49,308 - INFO - Received command c on object id p0
2026-04-06 21:46:49,309 - INFO - Processing Batch 837
2026-04-06 21:46:53,426 - INFO - Received command c on object id p0
2026-04-06 21:46:53,427 - INFO - Processing Batch 838
2026-04-06 21:46:57,169 - INFO - Received command c on object id p0
2026-04-06 21:46:57,170 - INFO - Processing Batch 839
2026-04-06 21:47:11,315 - INFO - Received command c on object id p0
2026-04-06 21:47:11,316 - INFO - Processing Batch 840
2026-04-06 21:47:15,604 - INFO - Received command c on object id p0
2026-04-06 21:47:15,605 - INFO - Processing Batch 841
2026-04-06 21:47:19,571 - INFO - Received command c on object id p0
2026-04-06 21:47:19,572 - INFO - Processing Batch 842
2026-04-06 21:47:26,497 - INFO - Received command c on object id p0
2026-04-06 21:47:26,499 - INFO - Processing Batch 843
2026-04-06 21:47:30,088 - INFO - Received command c on object id p0
2026-04-06 21:47:30,089 - INFO - Processing Batch 844
2026-04-06 21:47:33,990 - INFO - Received command c on object id p0
2026-04-06 21:47:33,991 - INFO - Processing Batch 845
2026-04-06 21:47:35,879 - INFO - Received command c on object id p0
2026-04-06 21:47:35,880 - INFO - Processing Batch 846
2026-04-06 21:47:41,530 - INFO - Received command c on object id p0
2026-04-06 21:47:41,534 - INFO - Processing Batch 847
2026-04-06 21:47:45,121 - INFO - Received command c on object id p0
2026-04-06 21:47:45,121 - INFO - Processing Batch 848
2026-04-06 21:47:56,519 - INFO - Received command c on object id p0
2026-04-06 21:47:56,521 - INFO - Processing Batch 849
2026-04-06 21:48:06,592 - INFO - Received command c on object id p0
2026-04-06 21:48:06,593 - INFO - Processing Batch 850
2026-04-06 21:48:11,097 - INFO - Received command c on object id p0
2026-04-06 21:48:11,098 - INFO - Processing Batch 851
2026-04-06 21:48:14,716 - INFO - Received command c on object id p0
2026-04-06 21:48:14,717 - INFO - Processing Batch 852
2026-04-06 21:48:18,323 - INFO - Received command c on object id p0
2026-04-06 21:48:18,324 - INFO - Processing Batch 853
2026-04-06 21:48:26,587 - INFO - Received command c on object id p0
2026-04-06 21:48:26,596 - INFO - Processing Batch 854
2026-04-06 21:48:41,536 - INFO - Received command c on object id p0
2026-04-06 21:48:41,537 - INFO - Processing Batch 855
2026-04-06 21:48:45,045 - INFO - Received command c on object id p0
2026-04-06 21:48:45,046 - INFO - Processing Batch 856
2026-04-06 21:48:49,092 - INFO - Received command c on object id p0
2026-04-06 21:48:49,093 - INFO - Processing Batch 857
2026-04-06 21:48:53,588 - INFO - Received command c on object id p0
2026-04-06 21:48:53,589 - INFO - Processing Batch 858
2026-04-06 21:48:56,512 - INFO - Received command c on object id p0
2026-04-06 21:48:56,513 - INFO - Processing Batch 859
2026-04-06 21:49:11,551 - INFO - Received command c on object id p0
2026-04-06 21:49:11,554 - INFO - Processing Batch 860
2026-04-06 21:49:17,050 - INFO - Received command c on object id p0
2026-04-06 21:49:17,051 - INFO - Processing Batch 861
2026-04-06 21:49:20,678 - INFO - Received command c on object id p0
2026-04-06 21:49:20,678 - INFO - Processing Batch 862
2026-04-06 21:49:25,441 - INFO - Received command c on object id p0
2026-04-06 21:49:25,442 - INFO - Processing Batch 863
2026-04-06 21:49:29,845 - INFO - Received command c on object id p0
2026-04-06 21:49:29,846 - INFO - Processing Batch 864
2026-04-06 21:49:41,563 - INFO - Received command c on object id p0
2026-04-06 21:49:41,564 - INFO - Processing Batch 865
2026-04-06 21:49:48,641 - INFO - Received command c on object id p0
2026-04-06 21:49:48,642 - INFO - Processing Batch 866
2026-04-06 21:49:52,837 - INFO - Received command c on object id p0
2026-04-06 21:49:52,838 - INFO - Processing Batch 867
2026-04-06 21:49:56,560 - INFO - Received command c on object id p0
2026-04-06 21:49:56,561 - INFO - Processing Batch 868
2026-04-06 21:50:02,386 - INFO - Received command c on object id p0
2026-04-06 21:50:02,387 - INFO - Processing Batch 869
2026-04-06 21:50:06,885 - INFO - Received command c on object id p0
2026-04-06 21:50:06,885 - INFO - Processing Batch 870
2026-04-06 21:50:10,650 - INFO - Received command c on object id p0
2026-04-06 21:50:10,651 - INFO - Processing Batch 871
2026-04-06 21:50:13,475 - INFO - Received command c on object id p0
2026-04-06 21:50:13,476 - INFO - Processing Batch 872
2026-04-06 21:50:18,671 - INFO - Received command c on object id p0
2026-04-06 21:50:18,671 - INFO - Processing Batch 873
2026-04-06 21:50:22,803 - INFO - Received command c on object id p0
2026-04-06 21:50:22,804 - INFO - Processing Batch 874
2026-04-06 21:50:27,382 - INFO - Received command c on object id p0
2026-04-06 21:50:27,383 - INFO - Processing Batch 875
2026-04-06 21:50:40,982 - INFO - Received command c on object id p0
2026-04-06 21:50:40,984 - INFO - Processing Batch 876
2026-04-06 21:50:44,789 - INFO - Received command c on object id p0
2026-04-06 21:50:44,789 - INFO - Processing Batch 877
2026-04-06 21:50:48,358 - INFO - Received command c on object id p0
2026-04-06 21:50:48,359 - INFO - Processing Batch 878
2026-04-06 21:50:51,701 - INFO - Received command c on object id p0
2026-04-06 21:50:51,702 - INFO - Processing Batch 879
2026-04-06 21:50:55,597 - INFO - Received command c on object id p0
2026-04-06 21:50:55,598 - INFO - Processing Batch 880
2026-04-06 21:50:57,280 - INFO - Received command c on object id p0
2026-04-06 21:50:57,281 - INFO - Processing Batch 881
2026-04-06 21:51:11,596 - INFO - Received command c on object id p0
2026-04-06 21:51:11,598 - INFO - Processing Batch 882
2026-04-06 21:51:19,355 - INFO - Received command c on object id p0
2026-04-06 21:51:19,356 - INFO - Processing Batch 883
2026-04-06 21:51:23,694 - INFO - Received command c on object id p0
2026-04-06 21:51:23,695 - INFO - Processing Batch 884
2026-04-06 21:51:28,365 - INFO - Received command c on object id p0
2026-04-06 21:51:28,366 - INFO - Processing Batch 885
2026-04-06 21:51:41,595 - INFO - Received command c on object id p0
2026-04-06 21:51:41,596 - INFO - Processing Batch 886
2026-04-06 21:51:54,265 - INFO - Received command c on object id p0
2026-04-06 21:51:54,266 - INFO - Processing Batch 887
2026-04-06 21:51:58,368 - INFO - Received command c on object id p0
2026-04-06 21:51:58,369 - INFO - Processing Batch 888
2026-04-06 21:52:02,041 - INFO - Received command c on object id p0
2026-04-06 21:52:02,042 - INFO - Processing Batch 889
2026-04-06 21:52:05,421 - INFO - Received command c on object id p0
2026-04-06 21:52:05,422 - INFO - Processing Batch 890
2026-04-06 21:52:11,666 - INFO - Received command c on object id p0
2026-04-06 21:52:11,671 - INFO - Processing Batch 891
2026-04-06 21:52:22,132 - INFO - Received command c on object id p0
2026-04-06 21:52:22,134 - INFO - Processing Batch 892
2026-04-06 21:52:25,301 - INFO - Received command c on object id p0
2026-04-06 21:52:25,303 - INFO - Processing Batch 893
2026-04-06 21:52:27,416 - INFO - Received command c on object id p0
2026-04-06 21:52:27,416 - INFO - Processing Batch 894
2026-04-06 21:52:37,165 - INFO - Received command c on object id p0
2026-04-06 21:52:37,166 - INFO - Processing Batch 895
2026-04-06 21:52:41,212 - INFO - Received command c on object id p0
2026-04-06 21:52:41,212 - INFO - Processing Batch 896
2026-04-06 21:52:44,475 - INFO - Received command c on object id p0
2026-04-06 21:52:44,476 - INFO - Processing Batch 897
2026-04-06 21:52:56,613 - INFO - Received command c on object id p0
2026-04-06 21:52:56,616 - INFO - Processing Batch 898
2026-04-06 21:53:00,206 - INFO - Received command c on object id p0
2026-04-06 21:53:00,207 - INFO - Processing Batch 899
2026-04-06 21:53:11,656 - INFO - Received command c on object id p0
2026-04-06 21:53:11,667 - INFO - Processing Batch 900
2026-04-06 21:53:15,723 - INFO - Received command c on object id p0
2026-04-06 21:53:15,724 - INFO - Processing Batch 901
2026-04-06 21:53:19,902 - INFO - Received command c on object id p0
2026-04-06 21:53:19,904 - INFO - Processing Batch 902
2026-04-06 21:53:23,609 - INFO - Received command c on object id p0
2026-04-06 21:53:23,610 - INFO - Processing Batch 903
2026-04-06 21:53:26,430 - INFO - Received command c on object id p0
2026-04-06 21:53:26,431 - INFO - Processing Batch 904
2026-04-06 21:53:31,144 - INFO - Received command c on object id p0
2026-04-06 21:53:31,145 - INFO - Processing Batch 905
2026-04-06 21:53:41,657 - INFO - Received command c on object id p0
2026-04-06 21:53:41,660 - INFO - Processing Batch 906
2026-04-06 21:53:52,893 - INFO - Received command c on object id p0
2026-04-06 21:53:52,894 - INFO - Processing Batch 907
2026-04-06 21:53:57,042 - INFO - Received command c on object id p0
2026-04-06 21:53:57,043 - INFO - Processing Batch 908
2026-04-06 21:54:00,651 - INFO - Received command c on object id p0
2026-04-06 21:54:00,653 - INFO - Processing Batch 909
2026-04-06 21:54:11,678 - INFO - Received command c on object id p0
2026-04-06 21:54:11,680 - INFO - Processing Batch 910
2026-04-06 21:54:26,642 - INFO - Received command c on object id p0
2026-04-06 21:54:26,643 - INFO - Processing Batch 911
2026-04-06 21:54:30,223 - INFO - Received command c on object id p0
2026-04-06 21:54:30,224 - INFO - Processing Batch 912
2026-04-06 21:54:34,507 - INFO - Received command c on object id p0
2026-04-06 21:54:34,508 - INFO - Processing Batch 913
2026-04-06 21:54:39,081 - INFO - Received command c on object id p0
2026-04-06 21:54:39,082 - INFO - Processing Batch 914
2026-04-06 21:54:41,907 - INFO - Received command c on object id p0
2026-04-06 21:54:41,908 - INFO - Processing Batch 915
2026-04-06 21:54:56,670 - INFO - Received command c on object id p0
2026-04-06 21:54:56,673 - INFO - Processing Batch 916
2026-04-06 21:55:03,058 - INFO - Received command c on object id p0
2026-04-06 21:55:03,059 - INFO - Processing Batch 917
2026-04-06 21:55:07,152 - INFO - Received command c on object id p0
2026-04-06 21:55:07,153 - INFO - Processing Batch 918
2026-04-06 21:55:10,907 - INFO - Received command c on object id p0
2026-04-06 21:55:10,908 - INFO - Processing Batch 919
2026-04-06 21:55:15,105 - INFO - Received command c on object id p0
2026-04-06 21:55:15,106 - INFO - Processing Batch 920
2026-04-06 21:55:18,630 - INFO - Received command c on object id p0
2026-04-06 21:55:18,631 - INFO - Processing Batch 921
2026-04-06 21:55:26,678 - INFO - Received command c on object id p0
2026-04-06 21:55:26,681 - INFO - Processing Batch 922
2026-04-06 21:55:33,282 - INFO - Received command c on object id p0
2026-04-06 21:55:33,283 - INFO - Processing Batch 923
2026-04-06 21:55:37,285 - INFO - Received command c on object id p0
2026-04-06 21:55:37,286 - INFO - Processing Batch 924
2026-04-06 21:55:41,832 - INFO - Received command c on object id p0
2026-04-06 21:55:41,833 - INFO - Processing Batch 925
2026-04-06 21:55:49,403 - INFO - Received command c on object id p0
2026-04-06 21:55:49,404 - INFO - Processing Batch 926
2026-04-06 21:55:53,886 - INFO - Received command c on object id p0
2026-04-06 21:55:53,887 - INFO - Processing Batch 927
2026-04-06 21:55:56,808 - INFO - Received command c on object id p0
2026-04-06 21:55:56,809 - INFO - Processing Batch 928
2026-04-06 21:56:05,909 - INFO - Received command c on object id p0
2026-04-06 21:56:05,911 - INFO - Processing Batch 929
2026-04-06 21:56:09,785 - INFO - Received command c on object id p0
2026-04-06 21:56:09,786 - INFO - Processing Batch 930
2026-04-06 21:56:11,690 - INFO - Received command c on object id p0
2026-04-06 21:56:11,691 - INFO - Processing Batch 931
2026-04-06 21:56:26,693 - INFO - Received command c on object id p0
2026-04-06 21:56:26,694 - INFO - Processing Batch 932
2026-04-06 21:56:30,296 - INFO - Received command c on object id p0
2026-04-06 21:56:30,297 - INFO - Processing Batch 933
2026-04-06 21:56:34,517 - INFO - Received command c on object id p0
2026-04-06 21:56:34,518 - INFO - Processing Batch 934
2026-04-06 21:56:37,306 - INFO - Received command c on object id p0
2026-04-06 21:56:37,306 - INFO - Processing Batch 935
2026-04-06 21:56:42,226 - INFO - Received command c on object id p0
2026-04-06 21:56:42,228 - INFO - Processing Batch 936
2026-04-06 21:56:56,752 - INFO - Received command c on object id p0
2026-04-06 21:56:56,761 - INFO - Processing Batch 937
2026-04-06 21:57:07,035 - INFO - Received command c on object id p0
2026-04-06 21:57:07,036 - INFO - Processing Batch 938
2026-04-06 21:57:11,473 - INFO - Received command c on object id p0
2026-04-06 21:57:11,474 - INFO - Processing Batch 939
2026-04-06 21:57:15,959 - INFO - Received command c on object id p0
2026-04-06 21:57:15,960 - INFO - Processing Batch 940
2026-04-06 21:57:26,766 - INFO - Received command c on object id p0
2026-04-06 21:57:26,767 - INFO - Processing Batch 941
2026-04-06 21:57:39,583 - INFO - Received command c on object id p0
2026-04-06 21:57:39,585 - INFO - Processing Batch 942
2026-04-06 21:57:43,830 - INFO - Received command c on object id p0
2026-04-06 21:57:43,831 - INFO - Processing Batch 943
2026-04-06 21:57:47,615 - INFO - Received command c on object id p0
2026-04-06 21:57:47,616 - INFO - Processing Batch 944
2026-04-06 21:57:51,470 - INFO - Received command c on object id p0
2026-04-06 21:57:51,470 - INFO - Processing Batch 945
2026-04-06 21:57:56,731 - INFO - Received command c on object id p0
2026-04-06 21:57:56,732 - INFO - Processing Batch 946
2026-04-06 21:58:11,768 - INFO - Received command c on object id p0
2026-04-06 21:58:11,769 - INFO - Processing Batch 947
2026-04-06 21:58:15,341 - INFO - Received command c on object id p0
2026-04-06 21:58:15,342 - INFO - Processing Batch 948
2026-04-06 21:58:23,664 - INFO - Received command c on object id p0
2026-04-06 21:58:23,666 - INFO - Processing Batch 949
2026-04-06 21:58:27,648 - INFO - Received command c on object id p0
2026-04-06 21:58:27,649 - INFO - Processing Batch 950
2026-04-06 21:58:31,261 - INFO - Received command c on object id p0
2026-04-06 21:58:31,262 - INFO - Processing Batch 951
2026-04-06 21:58:41,801 - INFO - Received command c on object id p0
2026-04-06 21:58:41,804 - INFO - Processing Batch 952
2026-04-06 21:58:45,363 - INFO - Received command c on object id p0
2026-04-06 21:58:45,364 - INFO - Processing Batch 953
2026-04-06 21:58:56,812 - INFO - Received command c on object id p0
2026-04-06 21:58:56,818 - INFO - Processing Batch 954
2026-04-06 21:59:00,844 - INFO - Received command c on object id p0
2026-04-06 21:59:00,845 - INFO - Processing Batch 955
2026-04-06 21:59:04,687 - INFO - Received command c on object id p0
2026-04-06 21:59:04,688 - INFO - Processing Batch 956
2026-04-06 21:59:07,630 - INFO - Received command c on object id p0
2026-04-06 21:59:07,631 - INFO - Processing Batch 957
2026-04-06 21:59:11,791 - INFO - Received command c on object id p0
2026-04-06 21:59:11,792 - INFO - Processing Batch 958
2026-04-06 21:59:15,665 - INFO - Received command c on object id p0
2026-04-06 21:59:15,666 - INFO - Processing Batch 959
2026-04-06 21:59:19,805 - INFO - Received command c on object id p0
2026-04-06 21:59:19,806 - INFO - Processing Batch 960
2026-04-06 21:59:26,802 - INFO - Received command c on object id p0
2026-04-06 21:59:26,803 - INFO - Processing Batch 961
2026-04-06 21:59:39,354 - INFO - Received command c on object id p0
2026-04-06 21:59:39,357 - INFO - Processing Batch 962
2026-04-06 21:59:43,851 - INFO - Received command c on object id p0
2026-04-06 21:59:43,851 - INFO - Processing Batch 963
2026-04-06 21:59:47,387 - INFO - Received command c on object id p0
2026-04-06 21:59:47,388 - INFO - Processing Batch 964
2026-04-06 21:59:51,984 - INFO - Received command c on object id p0
2026-04-06 21:59:51,984 - INFO - Processing Batch 965
2026-04-06 21:59:56,808 - INFO - Received command c on object id p0
2026-04-06 21:59:56,810 - INFO - Processing Batch 966
2026-04-06 22:00:11,843 - INFO - Received command c on object id p0
2026-04-06 22:00:11,849 - INFO - Processing Batch 967
2026-04-06 22:00:17,724 - INFO - Received command c on object id p0
2026-04-06 22:00:17,726 - INFO - Processing Batch 968
2026-04-06 22:00:22,298 - INFO - Received command c on object id p0
2026-04-06 22:00:22,299 - INFO - Processing Batch 969
2026-04-06 22:00:27,020 - INFO - Received command c on object id p0
2026-04-06 22:00:27,021 - INFO - Processing Batch 970
2026-04-06 22:00:41,814 - INFO - Received command c on object id p0
2026-04-06 22:00:41,816 - INFO - Processing Batch 971
2026-04-06 22:00:46,437 - INFO - Received command c on object id p0
2026-04-06 22:00:46,438 - INFO - Processing Batch 972
2026-04-06 22:00:50,434 - INFO - Received command c on object id p0
2026-04-06 22:00:50,435 - INFO - Processing Batch 973
2026-04-06 22:00:54,710 - INFO - Received command c on object id p0
2026-04-06 22:00:54,710 - INFO - Processing Batch 974
2026-04-06 22:00:56,632 - INFO - Received command c on object id p0
2026-04-06 22:00:56,633 - INFO - Processing Batch 975
2026-04-06 22:01:01,045 - INFO - Received command c on object id p0
2026-04-06 22:01:01,046 - INFO - Processing Batch 976
2026-04-06 22:01:04,661 - INFO - Received command c on object id p0
2026-04-06 22:01:04,662 - INFO - Processing Batch 977
2026-04-06 22:01:11,825 - INFO - Received command c on object id p0
2026-04-06 22:01:11,826 - INFO - Processing Batch 978
2026-04-06 22:01:22,152 - INFO - Received command c on object id p0
2026-04-06 22:01:22,154 - INFO - Processing Batch 979
2026-04-06 22:01:26,237 - INFO - Received command c on object id p0
2026-04-06 22:01:26,238 - INFO - Processing Batch 980
2026-04-06 22:01:27,903 - INFO - Received command c on object id p0
2026-04-06 22:01:27,904 - INFO - Processing Batch 981
2026-04-06 22:01:35,181 - INFO - Received command c on object id p0
2026-04-06 22:01:35,182 - INFO - Processing Batch 982
2026-04-06 22:01:39,078 - INFO - Received command c on object id p0
2026-04-06 22:01:39,079 - INFO - Processing Batch 983
2026-04-06 22:01:41,961 - INFO - Received command c on object id p0
2026-04-06 22:01:41,961 - INFO - Processing Batch 984
2026-04-06 22:01:49,390 - INFO - Received command c on object id p0
2026-04-06 22:01:49,391 - INFO - Processing Batch 985
2026-04-06 22:01:53,038 - INFO - Received command c on object id p0
2026-04-06 22:01:53,039 - INFO - Processing Batch 986
2026-04-06 22:01:55,190 - INFO - Received command c on object id p0
2026-04-06 22:01:55,191 - INFO - Processing Batch 987
2026-04-06 22:01:59,022 - INFO - Received command c on object id p0
2026-04-06 22:01:59,023 - INFO - Processing Batch 988
2026-04-06 22:02:11,839 - INFO - Received command c on object id p0
2026-04-06 22:02:11,840 - INFO - Processing Batch 989
2026-04-06 22:02:15,453 - INFO - Received command c on object id p0
2026-04-06 22:02:15,454 - INFO - Processing Batch 990
2026-04-06 22:02:19,917 - INFO - Received command c on object id p0
2026-04-06 22:02:19,918 - INFO - Processing Batch 991
2026-04-06 22:02:22,259 - INFO - Received command c on object id p0
2026-04-06 22:02:22,260 - INFO - Processing Batch 992
2026-04-06 22:02:26,538 - INFO - Received command c on object id p0
2026-04-06 22:02:26,539 - INFO - Processing Batch 993
2026-04-06 22:02:30,382 - INFO - Received command c on object id p0
2026-04-06 22:02:30,382 - INFO - Processing Batch 994
2026-04-06 22:02:41,877 - INFO - Received command c on object id p0
2026-04-06 22:02:41,878 - INFO - Processing Batch 995
2026-04-06 22:02:50,997 - INFO - Received command c on object id p0
2026-04-06 22:02:50,998 - INFO - Processing Batch 996
2026-04-06 22:02:54,907 - INFO - Received command c on object id p0
2026-04-06 22:02:54,908 - INFO - Processing Batch 997
2026-04-06 22:02:59,078 - INFO - Received command c on object id p0
2026-04-06 22:02:59,079 - INFO - Processing Batch 998
2026-04-06 22:03:02,647 - INFO - Received command c on object id p0
2026-04-06 22:03:02,647 - INFO - Processing Batch 999
2026-04-06 22:03:11,875 - INFO - Received command c on object id p0
2026-04-06 22:03:11,876 - INFO - Processing Batch 1000
2026-04-06 22:03:26,883 - INFO - Received command c on object id p0
2026-04-06 22:03:26,885 - INFO - Processing Batch 1001
2026-04-06 22:03:30,590 - INFO - Received command c on object id p0
2026-04-06 22:03:30,591 - INFO - Processing Batch 1002
2026-04-06 22:03:34,822 - INFO - Received command c on object id p0
2026-04-06 22:03:34,824 - INFO - Processing Batch 1003
2026-04-06 22:03:39,054 - INFO - Received command c on object id p0
2026-04-06 22:03:39,055 - INFO - Processing Batch 1004
2026-04-06 22:03:42,372 - INFO - Received command c on object id p0
2026-04-06 22:03:42,372 - INFO - Processing Batch 1005
2026-04-06 22:03:53,614 - INFO - Received command c on object id p0
2026-04-06 22:03:53,616 - INFO - Processing Batch 1006
2026-04-06 22:03:57,634 - INFO - Received command c on object id p0
2026-04-06 22:03:57,635 - INFO - Processing Batch 1007
2026-04-06 22:04:01,600 - INFO - Received command c on object id p0
2026-04-06 22:04:01,601 - INFO - Processing Batch 1008
2026-04-06 22:04:05,464 - INFO - Received command c on object id p0
2026-04-06 22:04:05,465 - INFO - Processing Batch 1009
2026-04-06 22:04:11,253 - INFO - Received command c on object id p0
2026-04-06 22:04:11,254 - INFO - Processing Batch 1010
2026-04-06 22:04:15,456 - INFO - Received command c on object id p0
2026-04-06 22:04:15,457 - INFO - Processing Batch 1011
2026-04-06 22:04:19,095 - INFO - Received command c on object id p0
2026-04-06 22:04:19,096 - INFO - Processing Batch 1012
2026-04-06 22:04:26,935 - INFO - Received command c on object id p0
2026-04-06 22:04:26,937 - INFO - Processing Batch 1013
2026-04-06 22:04:33,453 - INFO - Received command c on object id p0
2026-04-06 22:04:33,454 - INFO - Processing Batch 1014
2026-04-06 22:04:38,084 - INFO - Received command c on object id p0
2026-04-06 22:04:38,085 - INFO - Processing Batch 1015
2026-04-06 22:04:41,908 - INFO - Received command c on object id p0
2026-04-06 22:04:41,910 - INFO - Processing Batch 1016
2026-04-06 22:04:50,399 - INFO - Received command c on object id p0
2026-04-06 22:04:50,401 - INFO - Processing Batch 1017
2026-04-06 22:04:54,748 - INFO - Received command c on object id p0
2026-04-06 22:04:54,749 - INFO - Processing Batch 1018
2026-04-06 22:04:57,974 - INFO - Received command c on object id p0
2026-04-06 22:04:57,975 - INFO - Processing Batch 1019
2026-04-06 22:05:05,186 - INFO - Received command c on object id p0
2026-04-06 22:05:05,188 - INFO - Processing Batch 1020
2026-04-06 22:05:09,278 - INFO - Received command c on object id p0
2026-04-06 22:05:09,279 - INFO - Processing Batch 1021
2026-04-06 22:05:11,934 - INFO - Received command c on object id p0
2026-04-06 22:05:11,935 - INFO - Processing Batch 1022
2026-04-06 22:05:26,935 - INFO - Received command c on object id p0
2026-04-06 22:05:26,936 - INFO - Processing Batch 1023
2026-04-06 22:05:30,465 - INFO - Received command c on object id p0
2026-04-06 22:05:30,466 - INFO - Processing Batch 1024
2026-04-06 22:05:34,476 - INFO - Received command c on object id p0
2026-04-06 22:05:34,477 - INFO - Processing Batch 1025
2026-04-06 22:05:36,899 - INFO - Received command c on object id p0
2026-04-06 22:05:36,899 - INFO - Processing Batch 1026
2026-04-06 22:05:40,674 - INFO - Received command c on object id p0
2026-04-06 22:05:40,675 - INFO - Processing Batch 1027
2026-04-06 22:05:42,410 - INFO - Received command c on object id p0
2026-04-06 22:05:42,410 - INFO - Processing Batch 1028
2026-04-06 22:05:56,938 - INFO - Received command c on object id p0
2026-04-06 22:05:56,942 - INFO - Processing Batch 1029
2026-04-06 22:06:00,493 - INFO - Received command c on object id p0
2026-04-06 22:06:00,494 - INFO - Processing Batch 1030
2026-04-06 22:06:05,281 - INFO - Received command c on object id p0
2026-04-06 22:06:05,282 - INFO - Processing Batch 1031
2026-04-06 22:06:09,617 - INFO - Received command c on object id p0
2026-04-06 22:06:09,618 - INFO - Processing Batch 1032
2026-04-06 22:06:14,098 - INFO - Received command c on object id p0
2026-04-06 22:06:14,099 - INFO - Processing Batch 1033
2026-04-06 22:06:26,964 - INFO - Received command c on object id p0
2026-04-06 22:06:26,966 - INFO - Processing Batch 1034
2026-04-06 22:06:39,278 - INFO - Received command c on object id p0
2026-04-06 22:06:39,281 - INFO - Processing Batch 1035
2026-04-06 22:06:43,824 - INFO - Received command c on object id p0
2026-04-06 22:06:43,825 - INFO - Processing Batch 1036
2026-04-06 22:06:47,382 - INFO - Received command c on object id p0
2026-04-06 22:06:47,383 - INFO - Processing Batch 1037
2026-04-06 22:06:51,222 - INFO - Received command c on object id p0
2026-04-06 22:06:51,223 - INFO - Processing Batch 1038
2026-04-06 22:06:56,971 - INFO - Received command c on object id p0
2026-04-06 22:06:56,975 - INFO - Processing Batch 1039
2026-04-06 22:07:00,536 - INFO - Received command c on object id p0
2026-04-06 22:07:00,537 - INFO - Processing Batch 1040
2026-04-06 22:07:11,056 - INFO - Received command c on object id p0
2026-04-06 22:07:11,057 - INFO - Processing Batch 1041
2026-04-06 22:07:14,929 - INFO - Received command c on object id p0
2026-04-06 22:07:14,930 - INFO - Processing Batch 1042
2026-04-06 22:07:22,401 - INFO - Received command c on object id p0
2026-04-06 22:07:22,403 - INFO - Processing Batch 1043
2026-04-06 22:07:26,769 - INFO - Received command c on object id p0
2026-04-06 22:07:26,770 - INFO - Processing Batch 1044
2026-04-06 22:07:29,755 - INFO - Received command c on object id p0
2026-04-06 22:07:29,756 - INFO - Processing Batch 1045
2026-04-06 22:07:41,986 - INFO - Received command c on object id p0
2026-04-06 22:07:41,987 - INFO - Processing Batch 1046
2026-04-06 22:07:45,541 - INFO - Received command c on object id p0
2026-04-06 22:07:45,542 - INFO - Processing Batch 1047
2026-04-06 22:07:56,986 - INFO - Received command c on object id p0
2026-04-06 22:07:56,989 - INFO - Processing Batch 1048
2026-04-06 22:08:00,568 - INFO - Received command c on object id p0
2026-04-06 22:08:00,569 - INFO - Processing Batch 1049
2026-04-06 22:08:04,956 - INFO - Received command c on object id p0
2026-04-06 22:08:04,957 - INFO - Processing Batch 1050
2026-04-06 22:08:09,456 - INFO - Received command c on object id p0
2026-04-06 22:08:09,456 - INFO - Processing Batch 1051
2026-04-06 22:08:12,373 - INFO - Received command c on object id p0
2026-04-06 22:08:12,375 - INFO - Processing Batch 1052
2026-04-06 22:08:15,980 - INFO - Received command c on object id p0
2026-04-06 22:08:15,981 - INFO - Processing Batch 1053
2026-04-06 22:08:26,991 - INFO - Received command c on object id p0
2026-04-06 22:08:26,994 - INFO - Processing Batch 1054
2026-04-06 22:08:39,526 - INFO - Received command c on object id p0
2026-04-06 22:08:39,527 - INFO - Processing Batch 1055
2026-04-06 22:08:43,830 - INFO - Received command c on object id p0
2026-04-06 22:08:43,831 - INFO - Processing Batch 1056
2026-04-06 22:08:47,451 - INFO - Received command c on object id p0
2026-04-06 22:08:47,452 - INFO - Processing Batch 1057
2026-04-06 22:08:57,026 - INFO - Received command c on object id p0
2026-04-06 22:08:57,028 - INFO - Processing Batch 1058
2026-04-06 22:09:01,916 - INFO - Received command c on object id p0
2026-04-06 22:09:01,918 - INFO - Processing Batch 1059
2026-04-06 22:09:06,164 - INFO - Received command c on object id p0
2026-04-06 22:09:06,165 - INFO - Processing Batch 1060
2026-04-06 22:09:12,000 - INFO - Received command c on object id p0
2026-04-06 22:09:12,002 - INFO - Processing Batch 1061
2026-04-06 22:09:16,712 - INFO - Received command c on object id p0
2026-04-06 22:09:16,713 - INFO - Processing Batch 1062
2026-04-06 22:09:21,107 - INFO - Received command c on object id p0
2026-04-06 22:09:21,108 - INFO - Processing Batch 1063
2026-04-06 22:09:25,018 - INFO - Received command c on object id p0
2026-04-06 22:09:25,019 - INFO - Processing Batch 1064
2026-04-06 22:09:27,431 - INFO - Received command c on object id p0
2026-04-06 22:09:27,432 - INFO - Processing Batch 1065
2026-04-06 22:09:42,079 - INFO - Received command c on object id p0
2026-04-06 22:09:42,083 - INFO - Processing Batch 1066
2026-04-06 22:09:48,694 - INFO - Received command c on object id p0
2026-04-06 22:09:48,695 - INFO - Processing Batch 1067
2026-04-06 22:09:52,526 - INFO - Received command c on object id p0
2026-04-06 22:09:52,527 - INFO - Processing Batch 1068
2026-04-06 22:09:56,038 - INFO - Received command c on object id p0
2026-04-06 22:09:56,038 - INFO - Processing Batch 1069
2026-04-06 22:10:00,429 - INFO - Received command c on object id p0
2026-04-06 22:10:00,430 - INFO - Processing Batch 1070
2026-04-06 22:10:04,076 - INFO - Received command c on object id p0
2026-04-06 22:10:04,079 - INFO - Processing Batch 1071
2026-04-06 22:10:07,610 - INFO - Received command c on object id p0
2026-04-06 22:10:07,610 - INFO - Processing Batch 1072
2026-04-06 22:10:12,329 - INFO - Received command c on object id p0
2026-04-06 22:10:12,330 - INFO - Processing Batch 1073
2026-04-06 22:10:20,630 - INFO - Received command c on object id p0
2026-04-06 22:10:20,631 - INFO - Processing Batch 1074
2026-04-06 22:10:24,762 - INFO - Received command c on object id p0
2026-04-06 22:10:24,762 - INFO - Processing Batch 1075
2026-04-06 22:10:27,166 - INFO - Received command c on object id p0
2026-04-06 22:10:27,167 - INFO - Processing Batch 1076
2026-04-06 22:10:34,141 - INFO - Received command c on object id p0
2026-04-06 22:10:34,143 - INFO - Processing Batch 1077
2026-04-06 22:10:38,101 - INFO - Received command c on object id p0
2026-04-06 22:10:38,102 - INFO - Processing Batch 1078
2026-04-06 22:10:41,180 - INFO - Received command c on object id p0
2026-04-06 22:10:41,181 - INFO - Processing Batch 1079
2026-04-06 22:10:45,013 - INFO - Received command c on object id p0
2026-04-06 22:10:45,014 - INFO - Processing Batch 1080
2026-04-06 22:10:52,290 - INFO - Received command c on object id p0
2026-04-06 22:10:52,291 - INFO - Processing Batch 1081
2026-04-06 22:10:56,222 - INFO - Received command c on object id p0
2026-04-06 22:10:56,223 - INFO - Processing Batch 1082
2026-04-06 22:10:58,013 - INFO - Received command c on object id p0
2026-04-06 22:10:58,013 - INFO - Processing Batch 1083
2026-04-06 22:11:06,415 - INFO - Received command c on object id p0
2026-04-06 22:11:06,416 - INFO - Processing Batch 1084
2026-04-06 22:11:10,257 - INFO - Received command c on object id p0
2026-04-06 22:11:10,257 - INFO - Processing Batch 1085
2026-04-06 22:11:12,447 - INFO - Received command c on object id p0
2026-04-06 22:11:12,448 - INFO - Processing Batch 1086
2026-04-06 22:11:15,988 - INFO - Received command c on object id p0
2026-04-06 22:11:15,988 - INFO - Processing Batch 1087
2026-04-06 22:11:20,030 - INFO - Received command c on object id p0
2026-04-06 22:11:20,031 - INFO - Processing Batch 1088
2026-04-06 22:11:22,322 - INFO - Received command c on object id p0
2026-04-06 22:11:22,323 - INFO - Processing Batch 1089
2026-04-06 22:11:26,294 - INFO - Received command c on object id p0
2026-04-06 22:11:26,295 - INFO - Processing Batch 1090
2026-04-06 22:11:30,631 - INFO - Received command c on object id p0
2026-04-06 22:11:30,632 - INFO - Processing Batch 1091
2026-04-06 22:11:42,061 - INFO - Received command c on object id p0
2026-04-06 22:11:42,063 - INFO - Processing Batch 1092
2026-04-06 22:11:54,710 - INFO - Received command c on object id p0
2026-04-06 22:11:54,712 - INFO - Processing Batch 1093
2026-04-06 22:11:58,574 - INFO - Received command c on object id p0
2026-04-06 22:11:58,574 - INFO - Processing Batch 1094
2026-04-06 22:12:02,241 - INFO - Received command c on object id p0
2026-04-06 22:12:02,242 - INFO - Processing Batch 1095
2026-04-06 22:12:12,046 - INFO - Received command c on object id p0
2026-04-06 22:12:12,047 - INFO - Processing Batch 1096
2026-04-06 22:12:15,542 - INFO - Received command c on object id p0
2026-04-06 22:12:15,543 - INFO - Processing Batch 1097
2026-04-06 22:12:19,707 - INFO - Received command c on object id p0
2026-04-06 22:12:19,708 - INFO - Processing Batch 1098
2026-04-06 22:12:27,095 - INFO - Received command c on object id p0
2026-04-06 22:12:27,096 - INFO - Processing Batch 1099
2026-04-06 22:12:30,670 - INFO - Received command c on object id p0
2026-04-06 22:12:30,670 - INFO - Processing Batch 1100
2026-04-06 22:12:35,149 - INFO - Received command c on object id p0
2026-04-06 22:12:35,150 - INFO - Processing Batch 1101
2026-04-06 22:12:39,211 - INFO - Received command c on object id p0
2026-04-06 22:12:39,211 - INFO - Processing Batch 1102
2026-04-06 22:12:42,168 - INFO - Received command c on object id p0
2026-04-06 22:12:42,169 - INFO - Processing Batch 1103
2026-04-06 22:12:57,093 - INFO - Received command c on object id p0
2026-04-06 22:12:57,095 - INFO - Processing Batch 1104
2026-04-06 22:13:00,689 - INFO - Received command c on object id p0
2026-04-06 22:13:00,690 - INFO - Processing Batch 1105
2026-04-06 22:13:12,087 - INFO - Received command c on object id p0
2026-04-06 22:13:12,089 - INFO - Processing Batch 1106
2026-04-06 22:13:15,634 - INFO - Received command c on object id p0
2026-04-06 22:13:15,635 - INFO - Processing Batch 1107
2026-04-06 22:13:19,159 - INFO - Received command c on object id p0
2026-04-06 22:13:19,160 - INFO - Processing Batch 1108
2026-04-06 22:13:23,697 - INFO - Received command c on object id p0
2026-04-06 22:13:23,697 - INFO - Processing Batch 1109
2026-04-06 22:13:27,090 - INFO - Received command c on object id p0
2026-04-06 22:13:27,091 - INFO - Processing Batch 1110
2026-04-06 22:13:31,267 - INFO - Received command c on object id p0
2026-04-06 22:13:31,268 - INFO - Processing Batch 1111
2026-04-06 22:13:35,242 - INFO - Received command c on object id p0
2026-04-06 22:13:35,243 - INFO - Processing Batch 1112
2026-04-06 22:13:42,100 - INFO - Received command c on object id p0
2026-04-06 22:13:42,101 - INFO - Processing Batch 1113
2026-04-06 22:13:51,015 - INFO - Received command c on object id p0
2026-04-06 22:13:51,016 - INFO - Processing Batch 1114
2026-04-06 22:13:54,958 - INFO - Received command c on object id p0
2026-04-06 22:13:54,959 - INFO - Processing Batch 1115
2026-04-06 22:13:58,486 - INFO - Received command c on object id p0
2026-04-06 22:13:58,487 - INFO - Processing Batch 1116
2026-04-06 22:14:02,688 - INFO - Received command c on object id p0
2026-04-06 22:14:02,689 - INFO - Processing Batch 1117
2026-04-06 22:14:06,877 - INFO - Received command c on object id p0
2026-04-06 22:14:06,878 - INFO - Processing Batch 1118
2026-04-06 22:14:12,105 - INFO - Received command c on object id p0
2026-04-06 22:14:12,107 - INFO - Processing Batch 1119
2026-04-06 22:14:20,048 - INFO - Received command c on object id p0
2026-04-06 22:14:20,049 - INFO - Processing Batch 1120
2026-04-06 22:14:23,664 - INFO - Received command c on object id p0
2026-04-06 22:14:23,664 - INFO - Processing Batch 1121
2026-04-06 22:14:27,119 - INFO - Received command c on object id p0
2026-04-06 22:14:27,120 - INFO - Processing Batch 1122
2026-04-06 22:14:30,702 - INFO - Received command c on object id p0
2026-04-06 22:14:30,703 - INFO - Processing Batch 1123
2026-04-06 22:14:35,033 - INFO - Received command c on object id p0
2026-04-06 22:14:35,034 - INFO - Processing Batch 1124
2026-04-06 22:14:39,447 - INFO - Received command c on object id p0
2026-04-06 22:14:39,448 - INFO - Processing Batch 1125
2026-04-06 22:14:42,778 - INFO - Received command c on object id p0
2026-04-06 22:14:42,778 - INFO - Processing Batch 1126
2026-04-06 22:14:57,141 - INFO - Received command c on object id p0
2026-04-06 22:14:57,142 - INFO - Processing Batch 1127
2026-04-06 22:15:05,551 - INFO - Received command c on object id p0
2026-04-06 22:15:05,553 - INFO - Processing Batch 1128
2026-04-06 22:15:09,607 - INFO - Received command c on object id p0
2026-04-06 22:15:09,608 - INFO - Processing Batch 1129
2026-04-06 22:15:14,232 - INFO - Received command c on object id p0
2026-04-06 22:15:14,233 - INFO - Processing Batch 1130
2026-04-06 22:15:21,439 - INFO - Received command c on object id p0
2026-04-06 22:15:21,442 - INFO - Processing Batch 1131
2026-04-06 22:15:25,769 - INFO - Received command c on object id p0
2026-04-06 22:15:25,770 - INFO - Processing Batch 1132
2026-04-06 22:15:27,857 - INFO - Received command c on object id p0
2026-04-06 22:15:27,858 - INFO - Processing Batch 1133
2026-04-06 22:15:36,888 - INFO - Received command c on object id p0
2026-04-06 22:15:36,893 - INFO - Processing Batch 1134
2026-04-06 22:15:41,183 - INFO - Received command c on object id p0
2026-04-06 22:15:41,184 - INFO - Processing Batch 1135
2026-04-06 22:15:42,853 - INFO - Received command c on object id p0
2026-04-06 22:15:42,854 - INFO - Processing Batch 1136
2026-04-06 22:15:46,554 - INFO - Received command c on object id p0
2026-04-06 22:15:46,555 - INFO - Processing Batch 1137
2026-04-06 22:15:50,749 - INFO - Received command c on object id p0
2026-04-06 22:15:50,750 - INFO - Processing Batch 1138
2026-04-06 22:15:54,580 - INFO - Received command c on object id p0
2026-04-06 22:15:54,581 - INFO - Processing Batch 1139
2026-04-06 22:15:57,877 - INFO - Received command c on object id p0
2026-04-06 22:15:57,878 - INFO - Processing Batch 1140
2026-04-06 22:16:08,499 - INFO - Received command c on object id p0
2026-04-06 22:16:08,502 - INFO - Processing Batch 1141
2026-04-06 22:16:12,694 - INFO - Received command c on object id p0
2026-04-06 22:16:12,695 - INFO - Processing Batch 1142
2026-04-06 22:16:22,728 - INFO - Received command c on object id p0
2026-04-06 22:16:22,731 - INFO - Processing Batch 1143
2026-04-06 22:16:27,224 - INFO - Received command c on object id p0
2026-04-06 22:16:27,225 - INFO - Processing Batch 1144
2026-04-06 22:16:30,826 - INFO - Received command c on object id p0
2026-04-06 22:16:30,827 - INFO - Processing Batch 1145
2026-04-06 22:16:34,442 - INFO - Received command c on object id p0
2026-04-06 22:16:34,443 - INFO - Processing Batch 1146
2026-04-06 22:16:40,092 - INFO - Received command c on object id p0
2026-04-06 22:16:40,093 - INFO - Processing Batch 1147
2026-04-06 22:16:44,161 - INFO - Received command c on object id p0
2026-04-06 22:16:44,162 - INFO - Processing Batch 1148
2026-04-06 22:16:57,217 - INFO - Received command c on object id p0
2026-04-06 22:16:57,220 - INFO - Processing Batch 1149
2026-04-06 22:17:03,898 - INFO - Received command c on object id p0
2026-04-06 22:17:03,899 - INFO - Processing Batch 1150
2026-04-06 22:17:07,896 - INFO - Received command c on object id p0
2026-04-06 22:17:07,897 - INFO - Processing Batch 1151
2026-04-06 22:17:10,824 - INFO - Received command c on object id p0
2026-04-06 22:17:10,825 - INFO - Processing Batch 1152
2026-04-06 22:17:13,855 - INFO - Received command c on object id p0
2026-04-06 22:17:13,856 - INFO - Processing Batch 1153
2026-04-06 22:17:24,022 - INFO - Received command c on object id p0
2026-04-06 22:17:24,030 - INFO - Processing Batch 1154
2026-04-06 22:17:28,448 - INFO - Received command c on object id p0
2026-04-06 22:17:28,448 - INFO - Processing Batch 1155
2026-04-06 22:17:41,024 - INFO - Received command c on object id p0
2026-04-06 22:17:41,025 - INFO - Processing Batch 1156
2026-04-06 22:17:45,114 - INFO - Received command c on object id p0
2026-04-06 22:17:45,115 - INFO - Processing Batch 1157
2026-04-06 22:17:48,675 - INFO - Received command c on object id p0
2026-04-06 22:17:48,676 - INFO - Processing Batch 1158
2026-04-06 22:17:57,217 - INFO - Received command c on object id p0
2026-04-06 22:17:57,218 - INFO - Processing Batch 1159
2026-04-06 22:18:12,239 - INFO - Received command c on object id p0
2026-04-06 22:18:12,242 - INFO - Processing Batch 1160
2026-04-06 22:18:15,991 - INFO - Received command c on object id p0
2026-04-06 22:18:15,992 - INFO - Processing Batch 1161
2026-04-06 22:18:20,444 - INFO - Received command c on object id p0
2026-04-06 22:18:20,445 - INFO - Processing Batch 1162
2026-04-06 22:18:24,357 - INFO - Received command c on object id p0
2026-04-06 22:18:24,358 - INFO - Processing Batch 1163
2026-04-06 22:18:27,127 - INFO - Received command c on object id p0
2026-04-06 22:18:27,128 - INFO - Processing Batch 1164
2026-04-06 22:18:31,783 - INFO - Received command c on object id p0
2026-04-06 22:18:31,783 - INFO - Processing Batch 1165
2026-04-06 22:18:42,243 - INFO - Received command c on object id p0
2026-04-06 22:18:42,244 - INFO - Processing Batch 1166
2026-04-06 22:18:45,794 - INFO - Received command c on object id p0
2026-04-06 22:18:45,795 - INFO - Processing Batch 1167
2026-04-06 22:18:50,161 - INFO - Received command c on object id p0
2026-04-06 22:18:50,162 - INFO - Processing Batch 1168
2026-04-06 22:18:56,914 - INFO - Received command c on object id p0
2026-04-06 22:18:56,915 - INFO - Processing Batch 1169
2026-04-06 22:19:00,912 - INFO - Received command c on object id p0
2026-04-06 22:19:00,912 - INFO - Processing Batch 1170
2026-04-06 22:19:04,543 - INFO - Received command c on object id p0
2026-04-06 22:19:04,544 - INFO - Processing Batch 1171
2026-04-06 22:19:12,263 - INFO - Received command c on object id p0
2026-04-06 22:19:12,265 - INFO - Processing Batch 1172
2026-04-06 22:19:16,432 - INFO - Received command c on object id p0
2026-04-06 22:19:16,432 - INFO - Processing Batch 1173
2026-04-06 22:19:20,612 - INFO - Received command c on object id p0
2026-04-06 22:19:20,612 - INFO - Processing Batch 1174
2026-04-06 22:19:26,796 - INFO - Received command c on object id p0
2026-04-06 22:19:26,797 - INFO - Processing Batch 1175
2026-04-06 22:19:30,617 - INFO - Received command c on object id p0
2026-04-06 22:19:30,618 - INFO - Processing Batch 1176
2026-04-06 22:19:34,181 - INFO - Received command c on object id p0
2026-04-06 22:19:34,182 - INFO - Processing Batch 1177
2026-04-06 22:19:38,559 - INFO - Received command c on object id p0
2026-04-06 22:19:38,560 - INFO - Processing Batch 1178
2026-04-06 22:19:40,854 - INFO - Received command c on object id p0
2026-04-06 22:19:40,855 - INFO - Processing Batch 1179
2026-04-06 22:19:44,405 - INFO - Received command c on object id p0
2026-04-06 22:19:44,408 - INFO - Processing Batch 1180
2026-04-06 22:19:47,948 - INFO - Received command c on object id p0
2026-04-06 22:19:47,949 - INFO - Processing Batch 1181
2026-04-06 22:19:52,328 - INFO - Received command c on object id p0
2026-04-06 22:19:52,330 - INFO - Processing Batch 1182
2026-04-06 22:19:57,306 - INFO - Received command c on object id p0
2026-04-06 22:19:57,307 - INFO - Processing Batch 1183
2026-04-06 22:20:11,463 - INFO - Received command c on object id p0
2026-04-06 22:20:11,464 - INFO - Processing Batch 1184
2026-04-06 22:20:15,788 - INFO - Received command c on object id p0
2026-04-06 22:20:15,789 - INFO - Processing Batch 1185
2026-04-06 22:20:19,371 - INFO - Received command c on object id p0
2026-04-06 22:20:19,372 - INFO - Processing Batch 1186
2026-04-06 22:20:23,572 - INFO - Received command c on object id p0
2026-04-06 22:20:23,573 - INFO - Processing Batch 1187
2026-04-06 22:20:27,326 - INFO - Received command c on object id p0
2026-04-06 22:20:27,327 - INFO - Processing Batch 1188
2026-04-06 22:20:30,801 - INFO - Received command c on object id p0
2026-04-06 22:20:30,802 - INFO - Processing Batch 1189
2026-04-06 22:20:42,317 - INFO - Received command c on object id p0
2026-04-06 22:20:42,318 - INFO - Processing Batch 1190
2026-04-06 22:20:50,133 - INFO - Received command c on object id p0
2026-04-06 22:20:50,135 - INFO - Processing Batch 1191
2026-04-06 22:20:54,571 - INFO - Received command c on object id p0
2026-04-06 22:20:54,572 - INFO - Processing Batch 1192
2026-04-06 22:20:58,979 - INFO - Received command c on object id p0
2026-04-06 22:20:58,980 - INFO - Processing Batch 1193
2026-04-06 22:21:12,324 - INFO - Received command c on object id p0
2026-04-06 22:21:12,326 - INFO - Processing Batch 1194
2026-04-06 22:21:22,182 - INFO - Received command c on object id p0
2026-04-06 22:21:22,184 - INFO - Processing Batch 1195
2026-04-06 22:21:26,151 - INFO - Received command c on object id p0
2026-04-06 22:21:26,151 - INFO - Processing Batch 1196
2026-04-06 22:21:27,839 - INFO - Received command c on object id p0
2026-04-06 22:21:27,840 - INFO - Processing Batch 1197
2026-04-06 22:21:31,328 - INFO - Received command c on object id p0
2026-04-06 22:21:31,328 - INFO - Processing Batch 1198
2026-04-06 22:21:36,296 - INFO - Received command c on object id p0
2026-04-06 22:21:36,297 - INFO - Processing Batch 1199
2026-04-06 22:21:42,344 - INFO - Received command c on object id p0
2026-04-06 22:21:42,345 - INFO - Processing Batch 1200
2026-04-06 22:21:53,494 - INFO - Received command c on object id p0
2026-04-06 22:21:53,495 - INFO - Processing Batch 1201
2026-04-06 22:21:57,211 - INFO - Received command c on object id p0
2026-04-06 22:21:57,212 - INFO - Processing Batch 1202
2026-04-06 22:21:58,928 - INFO - Received command c on object id p0
2026-04-06 22:21:58,929 - INFO - Processing Batch 1203
2026-04-06 22:22:05,790 - INFO - Received command c on object id p0
2026-04-06 22:22:05,791 - INFO - Processing Batch 1204
2026-04-06 22:22:10,274 - INFO - Received command c on object id p0
2026-04-06 22:22:10,275 - INFO - Processing Batch 1205
2026-04-06 22:22:13,145 - INFO - Received command c on object id p0
2026-04-06 22:22:13,146 - INFO - Processing Batch 1206
2026-04-06 22:22:24,830 - INFO - Received command c on object id p0
2026-04-06 22:22:24,831 - INFO - Processing Batch 1207
2026-04-06 22:22:29,050 - INFO - Received command c on object id p0
2026-04-06 22:22:29,050 - INFO - Processing Batch 1208
2026-04-06 22:22:32,624 - INFO - Received command c on object id p0
2026-04-06 22:22:32,625 - INFO - Processing Batch 1209
2026-04-06 22:22:42,376 - INFO - Received command c on object id p0
2026-04-06 22:22:42,377 - INFO - Processing Batch 1210
2026-04-06 22:22:45,950 - INFO - Received command c on object id p0
2026-04-06 22:22:45,951 - INFO - Processing Batch 1211
2026-04-06 22:22:50,000 - INFO - Received command c on object id p0
2026-04-06 22:22:50,001 - INFO - Processing Batch 1212
2026-04-06 22:22:53,034 - INFO - Received command c on object id p0
2026-04-06 22:22:53,035 - INFO - Processing Batch 1213
2026-04-06 22:22:56,407 - INFO - Received command c on object id p0
2026-04-06 22:22:56,407 - INFO - Processing Batch 1214
2026-04-06 22:23:00,285 - INFO - Received command c on object id p0
2026-04-06 22:23:00,286 - INFO - Processing Batch 1215
2026-04-06 22:23:12,387 - INFO - Received command c on object id p0
2026-04-06 22:23:12,390 - INFO - Processing Batch 1216
2026-04-06 22:23:22,630 - INFO - Received command c on object id p0
2026-04-06 22:23:22,631 - INFO - Processing Batch 1217
2026-04-06 22:23:26,969 - INFO - Received command c on object id p0
2026-04-06 22:23:26,970 - INFO - Processing Batch 1218
2026-04-06 22:23:29,262 - INFO - Received command c on object id p0
2026-04-06 22:23:29,263 - INFO - Processing Batch 1219
2026-04-06 22:23:32,840 - INFO - Received command c on object id p0
2026-04-06 22:23:32,841 - INFO - Processing Batch 1220
2026-04-06 22:23:36,131 - INFO - Received command c on object id p0
2026-04-06 22:23:36,132 - INFO - Processing Batch 1221
2026-04-06 22:23:42,400 - INFO - Received command c on object id p0
2026-04-06 22:23:42,402 - INFO - Processing Batch 1222
2026-04-06 22:23:57,420 - INFO - Received command c on object id p0
2026-04-06 22:23:57,421 - INFO - Processing Batch 1223
2026-04-06 22:24:01,026 - INFO - Received command c on object id p0
2026-04-06 22:24:01,027 - INFO - Processing Batch 1224
2026-04-06 22:24:05,523 - INFO - Received command c on object id p0
2026-04-06 22:24:05,524 - INFO - Processing Batch 1225
2026-04-06 22:24:09,445 - INFO - Received command c on object id p0
2026-04-06 22:24:09,446 - INFO - Processing Batch 1226
2026-04-06 22:24:12,413 - INFO - Received command c on object id p0
2026-04-06 22:24:12,414 - INFO - Processing Batch 1227
2026-04-06 22:24:27,467 - INFO - Received command c on object id p0
2026-04-06 22:24:27,471 - INFO - Processing Batch 1228
2026-04-06 22:24:31,153 - INFO - Received command c on object id p0
2026-04-06 22:24:31,154 - INFO - Processing Batch 1229
2026-04-06 22:24:35,558 - INFO - Received command c on object id p0
2026-04-06 22:24:35,559 - INFO - Processing Batch 1230
2026-04-06 22:24:40,295 - INFO - Received command c on object id p0
2026-04-06 22:24:40,296 - INFO - Processing Batch 1231
2026-04-06 22:24:44,047 - INFO - Received command c on object id p0
2026-04-06 22:24:44,048 - INFO - Processing Batch 1232
2026-04-06 22:24:57,426 - INFO - Received command c on object id p0
2026-04-06 22:24:57,427 - INFO - Processing Batch 1233
2026-04-06 22:25:01,608 - INFO - Received command c on object id p0
2026-04-06 22:25:01,609 - INFO - Processing Batch 1234
2026-04-06 22:25:05,756 - INFO - Received command c on object id p0
2026-04-06 22:25:05,757 - INFO - Processing Batch 1235
2026-04-06 22:25:12,443 - INFO - Received command c on object id p0
2026-04-06 22:25:12,445 - INFO - Processing Batch 1236
2026-04-06 22:25:16,542 - INFO - Received command c on object id p0
2026-04-06 22:25:16,543 - INFO - Processing Batch 1237
2026-04-06 22:25:20,919 - INFO - Received command c on object id p0
2026-04-06 22:25:20,920 - INFO - Processing Batch 1238
2026-04-06 22:25:24,474 - INFO - Received command c on object id p0
2026-04-06 22:25:24,474 - INFO - Processing Batch 1239
2026-04-06 22:25:28,065 - INFO - Received command c on object id p0
2026-04-06 22:25:28,066 - INFO - Processing Batch 1240
2026-04-06 22:25:32,891 - INFO - Received command c on object id p0
2026-04-06 22:25:32,891 - INFO - Processing Batch 1241
2026-04-06 22:25:36,369 - INFO - Received command c on object id p0
2026-04-06 22:25:36,370 - INFO - Processing Batch 1242
2026-04-06 22:25:42,446 - INFO - Received command c on object id p0
2026-04-06 22:25:42,448 - INFO - Processing Batch 1243
2026-04-06 22:25:55,479 - INFO - Received command c on object id p0
2026-04-06 22:25:55,480 - INFO - Processing Batch 1244
2026-04-06 22:25:59,694 - INFO - Received command c on object id p0
2026-04-06 22:25:59,695 - INFO - Processing Batch 1245
2026-04-06 22:26:03,435 - INFO - Received command c on object id p0
2026-04-06 22:26:03,436 - INFO - Processing Batch 1246
2026-04-06 22:26:06,251 - INFO - Received command c on object id p0
2026-04-06 22:26:06,252 - INFO - Processing Batch 1247
2026-04-06 22:26:12,470 - INFO - Received command c on object id p0
2026-04-06 22:26:12,471 - INFO - Processing Batch 1248
2026-04-06 22:26:27,504 - INFO - Received command c on object id p0
2026-04-06 22:26:27,507 - INFO - Processing Batch 1249
2026-04-06 22:26:33,983 - INFO - Received command c on object id p0
2026-04-06 22:26:33,984 - INFO - Processing Batch 1250
2026-04-06 22:26:38,331 - INFO - Received command c on object id p0
2026-04-06 22:26:38,332 - INFO - Processing Batch 1251
2026-04-06 22:26:43,032 - INFO - Received command c on object id p0
2026-04-06 22:26:43,033 - INFO - Processing Batch 1252
2026-04-06 22:26:57,501 - INFO - Received command c on object id p0
2026-04-06 22:26:57,502 - INFO - Processing Batch 1253
2026-04-06 22:27:07,243 - INFO - Received command c on object id p0
2026-04-06 22:27:07,244 - INFO - Processing Batch 1254
2026-04-06 22:27:11,278 - INFO - Received command c on object id p0
2026-04-06 22:27:11,279 - INFO - Processing Batch 1255
2026-04-06 22:27:13,086 - INFO - Received command c on object id p0
2026-04-06 22:27:13,087 - INFO - Processing Batch 1256
2026-04-06 22:27:16,678 - INFO - Received command c on object id p0
2026-04-06 22:27:16,678 - INFO - Processing Batch 1257
2026-04-06 22:27:20,169 - INFO - Received command c on object id p0
2026-04-06 22:27:20,170 - INFO - Processing Batch 1258
2026-04-06 22:27:27,505 - INFO - Received command c on object id p0
2026-04-06 22:27:27,506 - INFO - Processing Batch 1259
2026-04-06 22:27:38,197 - INFO - Received command c on object id p0
2026-04-06 22:27:38,198 - INFO - Processing Batch 1260
2026-04-06 22:27:42,080 - INFO - Received command c on object id p0
2026-04-06 22:27:42,081 - INFO - Processing Batch 1261
2026-04-06 22:27:46,499 - INFO - Received command c on object id p0
2026-04-06 22:27:46,500 - INFO - Processing Batch 1262
2026-04-06 22:27:50,531 - INFO - Received command c on object id p0
2026-04-06 22:27:50,532 - INFO - Processing Batch 1263
2026-04-06 22:27:54,608 - INFO - Received command c on object id p0
2026-04-06 22:27:54,609 - INFO - Processing Batch 1264
2026-04-06 22:27:57,021 - INFO - Received command c on object id p0
2026-04-06 22:27:57,022 - INFO - Processing Batch 1265
2026-04-06 22:28:00,290 - INFO - Received command c on object id p0
2026-04-06 22:28:00,291 - INFO - Processing Batch 1266
2026-04-06 22:28:10,703 - INFO - Received command c on object id p0
2026-04-06 22:28:10,704 - INFO - Processing Batch 1267
2026-04-06 22:28:14,553 - INFO - Received command c on object id p0
2026-04-06 22:28:14,554 - INFO - Processing Batch 1268
2026-04-06 22:28:27,550 - INFO - Received command c on object id p0
2026-04-06 22:28:27,554 - INFO - Processing Batch 1269
2026-04-06 22:28:31,173 - INFO - Received command c on object id p0
2026-04-06 22:28:31,173 - INFO - Processing Batch 1270
2026-04-06 22:28:35,438 - INFO - Received command c on object id p0
2026-04-06 22:28:35,439 - INFO - Processing Batch 1271
2026-04-06 22:28:40,032 - INFO - Received command c on object id p0
2026-04-06 22:28:40,033 - INFO - Processing Batch 1272
2026-04-06 22:28:43,851 - INFO - Received command c on object id p0
2026-04-06 22:28:43,852 - INFO - Processing Batch 1273
2026-04-06 22:28:57,583 - INFO - Received command c on object id p0
2026-04-06 22:28:57,585 - INFO - Processing Batch 1274
2026-04-06 22:29:06,526 - INFO - Received command c on object id p0
2026-04-06 22:29:06,527 - INFO - Processing Batch 1275
2026-04-06 22:29:10,923 - INFO - Received command c on object id p0
2026-04-06 22:29:10,924 - INFO - Processing Batch 1276
2026-04-06 22:29:14,621 - INFO - Received command c on object id p0
2026-04-06 22:29:14,622 - INFO - Processing Batch 1277
2026-04-06 22:29:18,435 - INFO - Received command c on object id p0
2026-04-06 22:29:18,436 - INFO - Processing Batch 1278
2026-04-06 22:29:27,567 - INFO - Received command c on object id p0
2026-04-06 22:29:27,568 - INFO - Processing Batch 1279
2026-04-06 22:29:42,558 - INFO - Received command c on object id p0
2026-04-06 22:29:42,559 - INFO - Processing Batch 1280
2026-04-06 22:29:46,093 - INFO - Received command c on object id p0
2026-04-06 22:29:46,094 - INFO - Processing Batch 1281
2026-04-06 22:29:50,800 - INFO - Received command c on object id p0
2026-04-06 22:29:50,801 - INFO - Processing Batch 1282
2026-04-06 22:29:53,741 - INFO - Received command c on object id p0
2026-04-06 22:29:53,741 - INFO - Processing Batch 1283
2026-04-06 22:29:57,572 - INFO - Received command c on object id p0
2026-04-06 22:29:57,573 - INFO - Processing Batch 1284
2026-04-06 22:30:12,592 - INFO - Received command c on object id p0
2026-04-06 22:30:12,593 - INFO - Processing Batch 1285
2026-04-06 22:30:16,952 - INFO - Received command c on object id p0
2026-04-06 22:30:16,953 - INFO - Processing Batch 1286
2026-04-06 22:30:20,675 - INFO - Received command c on object id p0
2026-04-06 22:30:20,676 - INFO - Processing Batch 1287
2026-04-06 22:30:23,861 - INFO - Received command c on object id p0
2026-04-06 22:30:23,862 - INFO - Processing Batch 1288
2026-04-06 22:30:28,161 - INFO - Received command c on object id p0
2026-04-06 22:30:28,161 - INFO - Processing Batch 1289
2026-04-06 22:30:31,751 - INFO - Received command c on object id p0
2026-04-06 22:30:31,752 - INFO - Processing Batch 1290
2026-04-06 22:30:42,592 - INFO - Received command c on object id p0
2026-04-06 22:30:42,593 - INFO - Processing Batch 1291
2026-04-06 22:30:47,570 - INFO - Received command c on object id p0
2026-04-06 22:30:47,571 - INFO - Processing Batch 1292
2026-04-06 22:30:51,617 - INFO - Received command c on object id p0
2026-04-06 22:30:51,618 - INFO - Processing Batch 1293
2026-04-06 22:30:57,594 - INFO - Received command c on object id p0
2026-04-06 22:30:57,595 - INFO - Processing Batch 1294
2026-04-06 22:31:02,518 - INFO - Received command c on object id p0
2026-04-06 22:31:02,519 - INFO - Processing Batch 1295
2026-04-06 22:31:06,920 - INFO - Received command c on object id p0
2026-04-06 22:31:06,921 - INFO - Processing Batch 1296
2026-04-06 22:31:09,785 - INFO - Received command c on object id p0
2026-04-06 22:31:09,787 - INFO - Processing Batch 1297
2026-04-06 22:31:13,231 - INFO - Received command c on object id p0
2026-04-06 22:31:13,231 - INFO - Processing Batch 1298
2026-04-06 22:31:20,020 - INFO - Received command c on object id p0
2026-04-06 22:31:20,021 - INFO - Processing Batch 1299
2026-04-06 22:31:23,821 - INFO - Received command c on object id p0
2026-04-06 22:31:23,822 - INFO - Processing Batch 1300
2026-04-06 22:31:27,603 - INFO - Received command c on object id p0
2026-04-06 22:31:27,603 - INFO - Processing Batch 1301
2026-04-06 22:31:41,188 - INFO - Received command c on object id p0
2026-04-06 22:31:41,193 - INFO - Processing Batch 1302
2026-04-06 22:31:45,595 - INFO - Received command c on object id p0
2026-04-06 22:31:45,595 - INFO - Processing Batch 1303
2026-04-06 22:31:49,164 - INFO - Received command c on object id p0
2026-04-06 22:31:49,165 - INFO - Processing Batch 1304
2026-04-06 22:31:52,462 - INFO - Received command c on object id p0
2026-04-06 22:31:52,463 - INFO - Processing Batch 1305
2026-04-06 22:31:57,004 - INFO - Received command c on object id p0
2026-04-06 22:31:57,005 - INFO - Processing Batch 1306
2026-04-06 22:32:00,538 - INFO - Received command c on object id p0
2026-04-06 22:32:00,539 - INFO - Processing Batch 1307
2026-04-06 22:32:12,633 - INFO - Received command c on object id p0
2026-04-06 22:32:12,634 - INFO - Processing Batch 1308
2026-04-06 22:32:19,954 - INFO - Received command c on object id p0
2026-04-06 22:32:19,955 - INFO - Processing Batch 1309
2026-04-06 22:32:24,170 - INFO - Received command c on object id p0
2026-04-06 22:32:24,172 - INFO - Processing Batch 1310
2026-04-06 22:32:26,562 - INFO - Received command c on object id p0
2026-04-06 22:32:26,563 - INFO - Processing Batch 1311
2026-04-06 22:32:30,094 - INFO - Received command c on object id p0
2026-04-06 22:32:30,095 - INFO - Processing Batch 1312
2026-04-06 22:32:42,697 - INFO - Received command c on object id p0
2026-04-06 22:32:42,701 - INFO - Processing Batch 1313
2026-04-06 22:32:56,400 - INFO - Received command c on object id p0
2026-04-06 22:32:56,401 - INFO - Processing Batch 1314
2026-04-06 22:33:00,750 - INFO - Received command c on object id p0
2026-04-06 22:33:00,751 - INFO - Processing Batch 1315
2026-04-06 22:33:04,334 - INFO - Received command c on object id p0
2026-04-06 22:33:04,335 - INFO - Processing Batch 1316
2026-04-06 22:33:12,653 - INFO - Received command c on object id p0
2026-04-06 22:33:12,656 - INFO - Processing Batch 1317
2026-04-06 22:33:27,631 - INFO - Received command c on object id p0
2026-04-06 22:33:27,632 - INFO - Processing Batch 1318
2026-04-06 22:33:34,759 - INFO - Received command c on object id p0
2026-04-06 22:33:34,762 - INFO - Processing Batch 1319
2026-04-06 22:33:39,510 - INFO - Received command c on object id p0
2026-04-06 22:33:39,511 - INFO - Processing Batch 1320
2026-04-06 22:33:42,339 - INFO - Received command c on object id p0
2026-04-06 22:33:42,341 - INFO - Processing Batch 1321
2026-04-06 22:33:45,717 - INFO - Received command c on object id p0
2026-04-06 22:33:45,718 - INFO - Processing Batch 1322
2026-04-06 22:33:57,678 - INFO - Received command c on object id p0
2026-04-06 22:33:57,679 - INFO - Processing Batch 1323
2026-04-06 22:34:01,278 - INFO - Received command c on object id p0
2026-04-06 22:34:01,279 - INFO - Processing Batch 1324
2026-04-06 22:34:12,694 - INFO - Received command c on object id p0
2026-04-06 22:34:12,696 - INFO - Processing Batch 1325
2026-04-06 22:34:16,347 - INFO - Received command c on object id p0
2026-04-06 22:34:16,348 - INFO - Processing Batch 1326
2026-04-06 22:34:20,270 - INFO - Received command c on object id p0
2026-04-06 22:34:20,271 - INFO - Processing Batch 1327
2026-04-06 22:34:27,694 - INFO - Received command c on object id p0
2026-04-06 22:34:27,695 - INFO - Processing Batch 1328
2026-04-06 22:34:42,696 - INFO - Received command c on object id p0
2026-04-06 22:34:42,700 - INFO - Processing Batch 1329
2026-04-06 22:34:51,349 - INFO - Received command c on object id p0
2026-04-06 22:34:51,350 - INFO - Processing Batch 1330
2026-04-06 22:34:55,587 - INFO - Received command c on object id p0
2026-04-06 22:34:55,588 - INFO - Processing Batch 1331
2026-04-06 22:34:58,034 - INFO - Received command c on object id p0
2026-04-06 22:34:58,035 - INFO - Processing Batch 1332
2026-04-06 22:35:01,595 - INFO - Received command c on object id p0
2026-04-06 22:35:01,596 - INFO - Processing Batch 1333
2026-04-06 22:35:12,682 - INFO - Received command c on object id p0
2026-04-06 22:35:12,683 - INFO - Processing Batch 1334
2026-04-06 22:35:27,708 - INFO - Received command c on object id p0
2026-04-06 22:35:27,710 - INFO - Processing Batch 1335
2026-04-06 22:35:31,226 - INFO - Received command c on object id p0
2026-04-06 22:35:31,227 - INFO - Processing Batch 1336
2026-04-06 22:35:35,353 - INFO - Received command c on object id p0
2026-04-06 22:35:35,354 - INFO - Processing Batch 1337
2026-04-06 22:35:38,185 - INFO - Received command c on object id p0
2026-04-06 22:35:38,186 - INFO - Processing Batch 1338
2026-04-06 22:35:42,718 - INFO - Received command c on object id p0
2026-04-06 22:35:42,720 - INFO - Processing Batch 1339
2026-04-06 22:35:57,736 - INFO - Received command c on object id p0
2026-04-06 22:35:57,737 - INFO - Processing Batch 1340
2026-04-06 22:36:01,328 - INFO - Received command c on object id p0
2026-04-06 22:36:01,329 - INFO - Processing Batch 1341
2026-04-06 22:36:08,534 - INFO - Received command c on object id p0
2026-04-06 22:36:08,535 - INFO - Processing Batch 1342
2026-04-06 22:36:12,923 - INFO - Received command c on object id p0
2026-04-06 22:36:12,924 - INFO - Processing Batch 1343
2026-04-06 22:36:16,537 - INFO - Received command c on object id p0
2026-04-06 22:36:16,537 - INFO - Processing Batch 1344
2026-04-06 22:36:27,731 - INFO - Received command c on object id p0
2026-04-06 22:36:27,732 - INFO - Processing Batch 1345
2026-04-06 22:36:42,750 - INFO - Received command c on object id p0
2026-04-06 22:36:42,752 - INFO - Processing Batch 1346
2026-04-06 22:36:46,943 - INFO - Received command c on object id p0
2026-04-06 22:36:46,943 - INFO - Processing Batch 1347
2026-04-06 22:36:51,031 - INFO - Received command c on object id p0
2026-04-06 22:36:51,031 - INFO - Processing Batch 1348
2026-04-06 22:36:52,904 - INFO - Received command c on object id p0
2026-04-06 22:36:52,904 - INFO - Processing Batch 1349
2026-04-06 22:36:57,735 - INFO - Received command c on object id p0
2026-04-06 22:36:57,736 - INFO - Processing Batch 1350
2026-04-06 22:37:01,991 - INFO - Received command c on object id p0
2026-04-06 22:37:01,992 - INFO - Processing Batch 1351
2026-04-06 22:37:06,136 - INFO - Received command c on object id p0
2026-04-06 22:37:06,137 - INFO - Processing Batch 1352
2026-04-06 22:37:12,744 - INFO - Received command c on object id p0
2026-04-06 22:37:12,747 - INFO - Processing Batch 1353
2026-04-06 22:37:24,365 - INFO - Received command c on object id p0
2026-04-06 22:37:24,367 - INFO - Processing Batch 1354
2026-04-06 22:37:28,415 - INFO - Received command c on object id p0
2026-04-06 22:37:28,416 - INFO - Processing Batch 1355
2026-04-06 22:37:32,114 - INFO - Received command c on object id p0
2026-04-06 22:37:32,115 - INFO - Processing Batch 1356
2026-04-06 22:37:42,764 - INFO - Received command c on object id p0
2026-04-06 22:37:42,765 - INFO - Processing Batch 1357
2026-04-06 22:37:57,776 - INFO - Received command c on object id p0
2026-04-06 22:37:57,777 - INFO - Processing Batch 1358
2026-04-06 22:38:01,745 - INFO - Received command c on object id p0
2026-04-06 22:38:01,746 - INFO - Processing Batch 1359
2026-04-06 22:38:06,154 - INFO - Received command c on object id p0
2026-04-06 22:38:06,155 - INFO - Processing Batch 1360
2026-04-06 22:38:10,865 - INFO - Received command c on object id p0
2026-04-06 22:38:10,865 - INFO - Processing Batch 1361
2026-04-06 22:38:13,633 - INFO - Received command c on object id p0
2026-04-06 22:38:13,634 - INFO - Processing Batch 1362
2026-04-06 22:38:27,818 - INFO - Received command c on object id p0
2026-04-06 22:38:27,821 - INFO - Processing Batch 1363
2026-04-06 22:38:40,177 - INFO - Received command c on object id p0
2026-04-06 22:38:40,178 - INFO - Processing Batch 1364
2026-04-06 22:38:44,391 - INFO - Received command c on object id p0
2026-04-06 22:38:44,392 - INFO - Processing Batch 1365
2026-04-06 22:38:48,031 - INFO - Received command c on object id p0
2026-04-06 22:38:48,032 - INFO - Processing Batch 1366
2026-04-06 22:38:57,795 - INFO - Received command c on object id p0
2026-04-06 22:38:57,796 - INFO - Processing Batch 1367
2026-04-06 22:39:04,437 - INFO - Received command c on object id p0
2026-04-06 22:39:04,438 - INFO - Processing Batch 1368
2026-04-06 22:39:07,871 - INFO - Received command c on object id p0
2026-04-06 22:39:07,872 - INFO - Processing Batch 1369
2026-04-06 22:39:12,795 - INFO - Received command c on object id p0
2026-04-06 22:39:12,796 - INFO - Processing Batch 1370
2026-04-06 22:39:18,335 - INFO - Received command c on object id p0
2026-04-06 22:39:18,335 - INFO - Processing Batch 1371
2026-04-06 22:39:22,563 - INFO - Received command c on object id p0
2026-04-06 22:39:22,564 - INFO - Processing Batch 1372
2026-04-06 22:39:25,909 - INFO - Received command c on object id p0
2026-04-06 22:39:25,910 - INFO - Processing Batch 1373
2026-04-06 22:39:28,639 - INFO - Received command c on object id p0
2026-04-06 22:39:28,640 - INFO - Processing Batch 1374
2026-04-06 22:39:42,826 - INFO - Received command c on object id p0
2026-04-06 22:39:42,828 - INFO - Processing Batch 1375
2026-04-06 22:39:55,777 - INFO - Received command c on object id p0
2026-04-06 22:39:55,778 - INFO - Processing Batch 1376
2026-04-06 22:40:00,093 - INFO - Received command c on object id p0
2026-04-06 22:40:00,094 - INFO - Processing Batch 1377
2026-04-06 22:40:03,664 - INFO - Received command c on object id p0
2026-04-06 22:40:03,664 - INFO - Processing Batch 1378
2026-04-06 22:40:06,981 - INFO - Received command c on object id p0
2026-04-06 22:40:06,982 - INFO - Processing Batch 1379
2026-04-06 22:40:12,820 - INFO - Received command c on object id p0
2026-04-06 22:40:12,821 - INFO - Processing Batch 1380
2026-04-06 22:40:27,843 - INFO - Received command c on object id p0
2026-04-06 22:40:27,844 - INFO - Processing Batch 1381
2026-04-06 22:40:33,973 - INFO - Received command c on object id p0
2026-04-06 22:40:33,974 - INFO - Processing Batch 1382
2026-04-06 22:40:38,042 - INFO - Received command c on object id p0
2026-04-06 22:40:38,043 - INFO - Processing Batch 1383
2026-04-06 22:40:41,172 - INFO - Received command c on object id p0
2026-04-06 22:40:41,173 - INFO - Processing Batch 1384
2026-04-06 22:40:45,011 - INFO - Received command c on object id p0
2026-04-06 22:40:45,012 - INFO - Processing Batch 1385
2026-04-06 22:40:57,855 - INFO - Received command c on object id p0
2026-04-06 22:40:57,856 - INFO - Processing Batch 1386
2026-04-06 22:41:07,615 - INFO - Received command c on object id p0
2026-04-06 22:41:07,616 - INFO - Processing Batch 1387
2026-04-06 22:41:11,644 - INFO - Received command c on object id p0
2026-04-06 22:41:11,645 - INFO - Processing Batch 1388
2026-04-06 22:41:13,605 - INFO - Received command c on object id p0
2026-04-06 22:41:13,606 - INFO - Processing Batch 1389
2026-04-06 22:41:17,250 - INFO - Received command c on object id p0
2026-04-06 22:41:17,251 - INFO - Processing Batch 1390
2026-04-06 22:41:21,045 - INFO - Received command c on object id p0
2026-04-06 22:41:21,046 - INFO - Processing Batch 1391
2026-04-06 22:41:27,852 - INFO - Received command c on object id p0
2026-04-06 22:41:27,852 - INFO - Processing Batch 1392
2026-04-06 22:41:42,872 - INFO - Received command c on object id p0
2026-04-06 22:41:42,873 - INFO - Processing Batch 1393
2026-04-06 22:41:50,107 - INFO - Received command c on object id p0
2026-04-06 22:41:50,107 - INFO - Processing Batch 1394
2026-04-06 22:41:54,498 - INFO - Received command c on object id p0
2026-04-06 22:41:54,499 - INFO - Processing Batch 1395
2026-04-06 22:41:56,759 - INFO - Received command c on object id p0
2026-04-06 22:41:56,760 - INFO - Processing Batch 1396
2026-04-06 22:42:00,085 - INFO - Received command c on object id p0
2026-04-06 22:42:00,086 - INFO - Processing Batch 1397
2026-04-06 22:42:08,820 - INFO - Received command c on object id p0
2026-04-06 22:42:08,823 - INFO - Processing Batch 1398
2026-04-06 22:42:12,573 - INFO - Received command c on object id p0
2026-04-06 22:42:12,574 - INFO - Processing Batch 1399
2026-04-06 22:42:14,500 - INFO - Received command c on object id p0
2026-04-06 22:42:14,501 - INFO - Processing Batch 1400
2026-04-06 22:42:27,862 - INFO - Received command c on object id p0
2026-04-06 22:42:27,863 - INFO - Processing Batch 1401
2026-04-06 22:42:31,374 - INFO - Received command c on object id p0
2026-04-06 22:42:31,375 - INFO - Processing Batch 1402
2026-04-06 22:42:35,708 - INFO - Received command c on object id p0
2026-04-06 22:42:35,709 - INFO - Processing Batch 1403
2026-04-06 22:42:38,261 - INFO - Received command c on object id p0
2026-04-06 22:42:38,262 - INFO - Processing Batch 1404
2026-04-06 22:42:42,866 - INFO - Received command c on object id p0
2026-04-06 22:42:42,867 - INFO - Processing Batch 1405
2026-04-06 22:42:57,886 - INFO - Received command c on object id p0
2026-04-06 22:42:57,888 - INFO - Processing Batch 1406
2026-04-06 22:43:08,933 - INFO - Received command c on object id p0
2026-04-06 22:43:08,934 - INFO - Processing Batch 1407
2026-04-06 22:43:13,341 - INFO - Received command c on object id p0
2026-04-06 22:43:13,342 - INFO - Processing Batch 1408
2026-04-06 22:43:17,069 - INFO - Received command c on object id p0
2026-04-06 22:43:17,070 - INFO - Processing Batch 1409
2026-04-06 22:43:21,463 - INFO - Received command c on object id p0
2026-04-06 22:43:21,464 - INFO - Processing Batch 1410
2026-04-06 22:43:27,904 - INFO - Received command c on object id p0
2026-04-06 22:43:27,905 - INFO - Processing Batch 1411
2026-04-06 22:43:42,907 - INFO - Received command c on object id p0
2026-04-06 22:43:42,908 - INFO - Processing Batch 1412
2026-04-06 22:43:48,421 - INFO - Received command c on object id p0
2026-04-06 22:43:48,422 - INFO - Processing Batch 1413
2026-04-06 22:43:52,705 - INFO - Received command c on object id p0
2026-04-06 22:43:52,705 - INFO - Processing Batch 1414
2026-04-06 22:43:55,523 - INFO - Received command c on object id p0
2026-04-06 22:43:55,524 - INFO - Processing Batch 1415
2026-04-06 22:43:58,535 - INFO - Received command c on object id p0
2026-04-06 22:43:58,536 - INFO - Processing Batch 1416
2026-04-06 22:44:12,917 - INFO - Received command c on object id p0
2026-04-06 22:44:12,918 - INFO - Processing Batch 1417
2026-04-06 22:44:19,611 - INFO - Received command c on object id p0
2026-04-06 22:44:19,612 - INFO - Processing Batch 1418
2026-04-06 22:44:23,662 - INFO - Received command c on object id p0
2026-04-06 22:44:23,663 - INFO - Processing Batch 1419
2026-04-06 22:44:25,623 - INFO - Received command c on object id p0
2026-04-06 22:44:25,624 - INFO - Processing Batch 1420
2026-04-06 22:44:29,897 - INFO - Received command c on object id p0
2026-04-06 22:44:29,898 - INFO - Processing Batch 1421
2026-04-06 22:44:33,548 - INFO - Received command c on object id p0
2026-04-06 22:44:33,549 - INFO - Processing Batch 1422
2026-04-06 22:44:42,947 - INFO - Received command c on object id p0
2026-04-06 22:44:42,958 - INFO - Processing Batch 1423
2026-04-06 22:44:57,935 - INFO - Received command c on object id p0
2026-04-06 22:44:57,938 - INFO - Processing Batch 1424
2026-04-06 22:45:03,979 - INFO - Received command c on object id p0
2026-04-06 22:45:03,980 - INFO - Processing Batch 1425
2026-04-06 22:45:08,309 - INFO - Received command c on object id p0
2026-04-06 22:45:08,310 - INFO - Processing Batch 1426
2026-04-06 22:45:11,185 - INFO - Received command c on object id p0
2026-04-06 22:45:11,186 - INFO - Processing Batch 1427
2026-04-06 22:45:14,611 - INFO - Received command c on object id p0
2026-04-06 22:45:14,612 - INFO - Processing Batch 1428
2026-04-06 22:45:20,915 - INFO - Received command c on object id p0
2026-04-06 22:45:20,916 - INFO - Processing Batch 1429
2026-04-06 22:45:25,130 - INFO - Received command c on object id p0
2026-04-06 22:45:25,131 - INFO - Processing Batch 1430
2026-04-06 22:45:27,956 - INFO - Received command c on object id p0
2026-04-06 22:45:27,958 - INFO - Processing Batch 1431
2026-04-06 22:45:42,343 - INFO - Received command c on object id p0
2026-04-06 22:45:42,345 - INFO - Processing Batch 1432
2026-04-06 22:45:46,696 - INFO - Received command c on object id p0
2026-04-06 22:45:46,697 - INFO - Processing Batch 1433
2026-04-06 22:45:50,395 - INFO - Received command c on object id p0
2026-04-06 22:45:50,396 - INFO - Processing Batch 1434
2026-04-06 22:45:57,954 - INFO - Received command c on object id p0
2026-04-06 22:45:57,955 - INFO - Processing Batch 1435
2026-04-06 22:46:12,982 - INFO - Received command c on object id p0
2026-04-06 22:46:12,987 - INFO - Processing Batch 1436
2026-04-06 22:46:20,861 - INFO - Received command c on object id p0
2026-04-06 22:46:20,862 - INFO - Processing Batch 1437
2026-04-06 22:46:24,697 - INFO - Received command c on object id p0
2026-04-06 22:46:24,698 - INFO - Processing Batch 1438
2026-04-06 22:46:29,373 - INFO - Received command c on object id p0
2026-04-06 22:46:29,373 - INFO - Processing Batch 1439
2026-04-06 22:46:42,988 - INFO - Received command c on object id p0
2026-04-06 22:46:42,989 - INFO - Processing Batch 1440
2026-04-06 22:46:57,976 - INFO - Received command c on object id p0
2026-04-06 22:46:57,978 - INFO - Processing Batch 1441
2026-04-06 22:47:01,551 - INFO - Received command c on object id p0
2026-04-06 22:47:01,552 - INFO - Processing Batch 1442
2026-04-06 22:47:05,816 - INFO - Received command c on object id p0
2026-04-06 22:47:05,817 - INFO - Processing Batch 1443
2026-04-06 22:47:13,003 - INFO - Received command c on object id p0
2026-04-06 22:47:13,005 - INFO - Processing Batch 1444
2026-04-06 22:47:16,587 - INFO - Received command c on object id p0
2026-04-06 22:47:16,588 - INFO - Processing Batch 1445
2026-04-06 22:47:20,963 - INFO - Received command c on object id p0
2026-04-06 22:47:20,963 - INFO - Processing Batch 1446
2026-04-06 22:47:23,295 - INFO - Received command c on object id p0
2026-04-06 22:47:23,295 - INFO - Processing Batch 1447
2026-04-06 22:47:27,289 - INFO - Received command c on object id p0
2026-04-06 22:47:27,289 - INFO - Processing Batch 1448
2026-04-06 22:47:29,340 - INFO - Received command c on object id p0
2026-04-06 22:47:29,341 - INFO - Processing Batch 1449
2026-04-06 22:47:37,764 - INFO - Received command c on object id p0
2026-04-06 22:47:37,765 - INFO - Processing Batch 1450
2026-04-06 22:47:41,634 - INFO - Received command c on object id p0
2026-04-06 22:47:41,635 - INFO - Processing Batch 1451
2026-04-06 22:47:45,342 - INFO - Received command c on object id p0
2026-04-06 22:47:45,343 - INFO - Processing Batch 1452
2026-04-06 22:47:48,992 - INFO - Received command c on object id p0
2026-04-06 22:47:48,993 - INFO - Processing Batch 1453
2026-04-06 22:47:58,032 - INFO - Received command c on object id p0
2026-04-06 22:47:58,035 - INFO - Processing Batch 1454
2026-04-06 22:48:13,045 - INFO - Received command c on object id p0
2026-04-06 22:48:13,048 - INFO - Processing Batch 1455
2026-04-06 22:48:16,821 - INFO - Received command c on object id p0
2026-04-06 22:48:16,822 - INFO - Processing Batch 1456
2026-04-06 22:48:20,978 - INFO - Received command c on object id p0
2026-04-06 22:48:20,979 - INFO - Processing Batch 1457
2026-04-06 22:48:25,620 - INFO - Received command c on object id p0
2026-04-06 22:48:25,621 - INFO - Processing Batch 1458
2026-04-06 22:48:30,335 - INFO - Received command c on object id p0
2026-04-06 22:48:30,336 - INFO - Processing Batch 1459
2026-04-06 22:48:43,050 - INFO - Received command c on object id p0
2026-04-06 22:48:43,053 - INFO - Processing Batch 1460
2026-04-06 22:48:50,968 - INFO - Received command c on object id p0
2026-04-06 22:48:50,970 - INFO - Processing Batch 1461
2026-04-06 22:48:55,029 - INFO - Received command c on object id p0
2026-04-06 22:48:55,030 - INFO - Processing Batch 1462
2026-04-06 22:48:55,661 - INFO - Received command c on object id p0
2026-04-06 22:48:55,662 - INFO - Processing Batch 1463
2026-04-06 22:49:00,029 - INFO - Received command c on object id p0
2026-04-06 22:49:00,030 - INFO - Processing Batch 1464
2026-04-06 22:49:03,616 - INFO - Received command c on object id p0
2026-04-06 22:49:03,617 - INFO - Processing Batch 1465
2026-04-06 22:49:13,055 - INFO - Received command c on object id p0
2026-04-06 22:49:13,056 - INFO - Processing Batch 1466
2026-04-06 22:49:22,342 - INFO - Received command c on object id p0
2026-04-06 22:49:22,344 - INFO - Processing Batch 1467
2026-04-06 22:49:26,609 - INFO - Received command c on object id p0
2026-04-06 22:49:26,611 - INFO - Processing Batch 1468
2026-04-06 22:49:30,560 - INFO - Received command c on object id p0
2026-04-06 22:49:30,561 - INFO - Processing Batch 1469
2026-04-06 22:49:34,212 - INFO - Received command c on object id p0
2026-04-06 22:49:34,213 - INFO - Processing Batch 1470
2026-04-06 22:49:38,734 - INFO - Received command c on object id p0
2026-04-06 22:49:38,735 - INFO - Processing Batch 1471
2026-04-06 22:49:41,594 - INFO - Received command c on object id p0
2026-04-06 22:49:41,594 - INFO - Processing Batch 1472
2026-04-06 22:49:44,321 - INFO - Received command c on object id p0
2026-04-06 22:49:44,322 - INFO - Processing Batch 1473
2026-04-06 22:49:53,758 - INFO - Received command c on object id p0
2026-04-06 22:49:53,759 - INFO - Processing Batch 1474
2026-04-06 22:49:57,882 - INFO - Received command c on object id p0
2026-04-06 22:49:57,883 - INFO - Processing Batch 1475
2026-04-06 22:49:59,558 - INFO - Received command c on object id p0
2026-04-06 22:49:59,559 - INFO - Processing Batch 1476
2026-04-06 22:50:11,946 - INFO - Received command c on object id p0
2026-04-06 22:50:11,948 - INFO - Processing Batch 1477
2026-04-06 22:50:16,375 - INFO - Received command c on object id p0
2026-04-06 22:50:16,376 - INFO - Processing Batch 1478
2026-04-06 22:50:19,953 - INFO - Received command c on object id p0
2026-04-06 22:50:19,954 - INFO - Processing Batch 1479
2026-04-06 22:50:25,300 - INFO - Received command c on object id p0
2026-04-06 22:50:25,301 - INFO - Processing Batch 1480
2026-04-06 22:50:29,427 - INFO - Received command c on object id p0
2026-04-06 22:50:29,428 - INFO - Processing Batch 1481
2026-04-06 22:50:43,147 - INFO - Received command c on object id p0
2026-04-06 22:50:43,156 - INFO - Processing Batch 1482
2026-04-06 22:50:50,612 - INFO - Received command c on object id p0
2026-04-06 22:50:50,614 - INFO - Processing Batch 1483
2026-04-06 22:50:55,046 - INFO - Received command c on object id p0
2026-04-06 22:50:55,048 - INFO - Processing Batch 1484
2026-04-06 22:50:58,160 - INFO - Received command c on object id p0
2026-04-06 22:50:58,161 - INFO - Processing Batch 1485
2026-04-06 22:51:13,147 - INFO - Received command c on object id p0
2026-04-06 22:51:13,152 - INFO - Processing Batch 1486
2026-04-06 22:51:28,154 - INFO - Received command c on object id p0
2026-04-06 22:51:28,157 - INFO - Processing Batch 1487
2026-04-06 22:51:31,706 - INFO - Received command c on object id p0
2026-04-06 22:51:31,707 - INFO - Processing Batch 1488
2026-04-06 22:51:36,652 - INFO - Received command c on object id p0
2026-04-06 22:51:36,653 - INFO - Processing Batch 1489
2026-04-06 22:51:43,133 - INFO - Received command c on object id p0
2026-04-06 22:51:43,137 - INFO - Processing Batch 1490
2026-04-06 22:51:58,149 - INFO - Received command c on object id p0
2026-04-06 22:51:58,150 - INFO - Processing Batch 1491
2026-04-06 22:52:01,747 - INFO - Received command c on object id p0
2026-04-06 22:52:01,747 - INFO - Processing Batch 1492
2026-04-06 22:52:06,272 - INFO - Received command c on object id p0
2026-04-06 22:52:06,273 - INFO - Processing Batch 1493
2026-04-06 22:52:10,475 - INFO - Received command c on object id p0
2026-04-06 22:52:10,476 - INFO - Processing Batch 1494
2026-04-06 22:52:14,163 - INFO - Received command c on object id p0
2026-04-06 22:52:14,164 - INFO - Processing Batch 1495
2026-04-06 22:52:28,146 - INFO - Received command c on object id p0
2026-04-06 22:52:28,148 - INFO - Processing Batch 1496
2026-04-06 22:52:31,847 - INFO - Received command c on object id p0
2026-04-06 22:52:31,848 - INFO - Processing Batch 1497
2026-04-06 22:52:43,148 - INFO - Received command c on object id p0
2026-04-06 22:52:43,149 - INFO - Processing Batch 1498
2026-04-06 22:52:46,703 - INFO - Received command c on object id p0
2026-04-06 22:52:46,704 - INFO - Processing Batch 1499
2026-04-06 22:52:50,906 - INFO - Received command c on object id p0
2026-04-06 22:52:50,906 - INFO - Processing Batch 1500
2026-04-06 22:52:58,160 - INFO - Received command c on object id p0
2026-04-06 22:52:58,161 - INFO - Processing Batch 1501
2026-04-06 22:53:02,025 - INFO - Received command c on object id p0
2026-04-06 22:53:02,025 - INFO - Processing Batch 1502
2026-04-06 22:53:06,014 - INFO - Received command c on object id p0
2026-04-06 22:53:06,015 - INFO - Processing Batch 1503
2026-04-06 22:53:13,160 - INFO - Received command c on object id p0
2026-04-06 22:53:13,161 - INFO - Processing Batch 1504
2026-04-06 22:53:22,627 - INFO - Received command c on object id p0
2026-04-06 22:53:22,628 - INFO - Processing Batch 1505
2026-04-06 22:53:26,914 - INFO - Received command c on object id p0
2026-04-06 22:53:26,915 - INFO - Processing Batch 1506
2026-04-06 22:53:29,185 - INFO - Received command c on object id p0
2026-04-06 22:53:29,186 - INFO - Processing Batch 1507
2026-04-06 22:53:32,727 - INFO - Received command c on object id p0
2026-04-06 22:53:32,727 - INFO - Processing Batch 1508
2026-04-06 22:53:37,339 - INFO - Received command c on object id p0
2026-04-06 22:53:37,340 - INFO - Processing Batch 1509
2026-04-06 22:53:43,173 - INFO - Received command c on object id p0
2026-04-06 22:53:43,174 - INFO - Processing Batch 1510
2026-04-06 22:53:58,186 - INFO - Received command c on object id p0
2026-04-06 22:53:58,187 - INFO - Processing Batch 1511
2026-04-06 22:54:01,762 - INFO - Received command c on object id p0
2026-04-06 22:54:01,763 - INFO - Processing Batch 1512
2026-04-06 22:54:06,202 - INFO - Received command c on object id p0
2026-04-06 22:54:06,204 - INFO - Processing Batch 1513
2026-04-06 22:54:10,712 - INFO - Received command c on object id p0
2026-04-06 22:54:10,713 - INFO - Processing Batch 1514
2026-04-06 22:54:13,516 - INFO - Received command c on object id p0
2026-04-06 22:54:13,517 - INFO - Processing Batch 1515
2026-04-06 22:54:28,189 - INFO - Received command c on object id p0
2026-04-06 22:54:28,192 - INFO - Processing Batch 1516
2026-04-06 22:54:32,749 - INFO - Received command c on object id p0
2026-04-06 22:54:32,750 - INFO - Processing Batch 1517
2026-04-06 22:54:37,030 - INFO - Received command c on object id p0
2026-04-06 22:54:37,031 - INFO - Processing Batch 1518
2026-04-06 22:54:41,481 - INFO - Received command c on object id p0
2026-04-06 22:54:41,482 - INFO - Processing Batch 1519
2026-04-06 22:54:45,483 - INFO - Received command c on object id p0
2026-04-06 22:54:45,484 - INFO - Processing Batch 1520
2026-04-06 22:54:49,045 - INFO - Received command c on object id p0
2026-04-06 22:54:49,046 - INFO - Processing Batch 1521
2026-04-06 22:54:58,201 - INFO - Received command c on object id p0
2026-04-06 22:54:58,202 - INFO - Processing Batch 1522
2026-04-06 22:55:07,675 - INFO - Received command c on object id p0
2026-04-06 22:55:07,676 - INFO - Processing Batch 1523
2026-04-06 22:55:11,632 - INFO - Received command c on object id p0
2026-04-06 22:55:11,633 - INFO - Processing Batch 1524
2026-04-06 22:55:13,343 - INFO - Received command c on object id p0
2026-04-06 22:55:13,344 - INFO - Processing Batch 1525
2026-04-06 22:55:18,167 - INFO - Received command c on object id p0
2026-04-06 22:55:18,169 - INFO - Processing Batch 1526
2026-04-06 22:55:22,527 - INFO - Received command c on object id p0
2026-04-06 22:55:22,528 - INFO - Processing Batch 1527
2026-04-06 22:55:26,158 - INFO - Received command c on object id p0
2026-04-06 22:55:26,159 - INFO - Processing Batch 1528
2026-04-06 22:55:28,865 - INFO - Received command c on object id p0
2026-04-06 22:55:28,866 - INFO - Processing Batch 1529
2026-04-06 22:55:34,246 - INFO - Received command c on object id p0
2026-04-06 22:55:34,247 - INFO - Processing Batch 1530
2026-04-06 22:55:37,331 - INFO - Received command c on object id p0
2026-04-06 22:55:37,331 - INFO - Processing Batch 1531
2026-04-06 22:55:39,367 - INFO - Received command c on object id p0
2026-04-06 22:55:39,367 - INFO - Processing Batch 1532
2026-04-06 22:55:43,493 - INFO - Received command c on object id p0
2026-04-06 22:55:43,494 - INFO - Processing Batch 1533
2026-04-06 22:55:56,752 - INFO - Received command c on object id p0
2026-04-06 22:55:56,753 - INFO - Processing Batch 1534
2026-04-06 22:56:00,568 - INFO - Received command c on object id p0
2026-04-06 22:56:00,569 - INFO - Processing Batch 1535
2026-04-06 22:56:04,119 - INFO - Received command c on object id p0
2026-04-06 22:56:04,120 - INFO - Processing Batch 1536
2026-04-06 22:56:10,176 - INFO - Received command c on object id p0
2026-04-06 22:56:10,177 - INFO - Processing Batch 1537
2026-04-06 22:56:14,250 - INFO - Received command c on object id p0
2026-04-06 22:56:14,250 - INFO - Processing Batch 1538
2026-04-06 22:56:28,217 - INFO - Received command c on object id p0
2026-04-06 22:56:28,218 - INFO - Processing Batch 1539
2026-04-06 22:56:35,254 - INFO - Received command c on object id p0
2026-04-06 22:56:35,255 - INFO - Processing Batch 1540
2026-04-06 22:56:39,519 - INFO - Received command c on object id p0
2026-04-06 22:56:39,520 - INFO - Processing Batch 1541
2026-04-06 22:56:44,170 - INFO - Received command c on object id p0
2026-04-06 22:56:44,171 - INFO - Processing Batch 1542
2026-04-06 22:56:58,226 - INFO - Received command c on object id p0
2026-04-06 22:56:58,227 - INFO - Processing Batch 1543
2026-04-06 22:57:13,221 - INFO - Received command c on object id p0
2026-04-06 22:57:13,222 - INFO - Processing Batch 1544
2026-04-06 22:57:16,683 - INFO - Received command c on object id p0
2026-04-06 22:57:16,684 - INFO - Processing Batch 1545
2026-04-06 22:57:20,992 - INFO - Received command c on object id p0
2026-04-06 22:57:20,992 - INFO - Processing Batch 1546
2026-04-06 22:57:28,236 - INFO - Received command c on object id p0
2026-04-06 22:57:28,238 - INFO - Processing Batch 1547
2026-04-06 22:57:36,938 - INFO - Received command c on object id p0
2026-04-06 22:57:36,939 - INFO - Processing Batch 1548
2026-04-06 22:57:40,365 - INFO - Received command c on object id p0
2026-04-06 22:57:40,365 - INFO - Processing Batch 1549
2026-04-06 22:57:43,244 - INFO - Received command c on object id p0
2026-04-06 22:57:43,245 - INFO - Processing Batch 1550
2026-04-06 22:57:46,749 - INFO - Received command c on object id p0
2026-04-06 22:57:46,750 - INFO - Processing Batch 1551
2026-04-06 22:57:52,298 - INFO - Received command c on object id p0
2026-04-06 22:57:52,299 - INFO - Processing Batch 1552
2026-04-06 22:57:56,428 - INFO - Received command c on object id p0
2026-04-06 22:57:56,429 - INFO - Processing Batch 1553
2026-04-06 22:57:59,308 - INFO - Received command c on object id p0
2026-04-06 22:57:59,309 - INFO - Processing Batch 1554
2026-04-06 22:58:13,254 - INFO - Received command c on object id p0
2026-04-06 22:58:13,256 - INFO - Processing Batch 1555
2026-04-06 22:58:16,767 - INFO - Received command c on object id p0
2026-04-06 22:58:16,768 - INFO - Processing Batch 1556
2026-04-06 22:58:28,248 - INFO - Received command c on object id p0
2026-04-06 22:58:28,250 - INFO - Processing Batch 1557
2026-04-06 22:58:31,759 - INFO - Received command c on object id p0
2026-04-06 22:58:31,760 - INFO - Processing Batch 1558
2026-04-06 22:58:36,130 - INFO - Received command c on object id p0
2026-04-06 22:58:36,130 - INFO - Processing Batch 1559
2026-04-06 22:58:39,976 - INFO - Received command c on object id p0
2026-04-06 22:58:39,976 - INFO - Processing Batch 1560
2026-04-06 22:58:44,588 - INFO - Received command c on object id p0
2026-04-06 22:58:44,589 - INFO - Processing Batch 1561
2026-04-06 22:58:48,180 - INFO - Received command c on object id p0
2026-04-06 22:58:48,181 - INFO - Processing Batch 1562
2026-04-06 22:58:51,928 - INFO - Received command c on object id p0
2026-04-06 22:58:51,929 - INFO - Processing Batch 1563
2026-04-06 22:58:58,287 - INFO - Received command c on object id p0
2026-04-06 22:58:58,289 - INFO - Processing Batch 1564
2026-04-06 22:59:08,686 - INFO - Received command c on object id p0
2026-04-06 22:59:08,687 - INFO - Processing Batch 1565
2026-04-06 22:59:12,745 - INFO - Received command c on object id p0
2026-04-06 22:59:12,746 - INFO - Processing Batch 1566
2026-04-06 22:59:14,839 - INFO - Received command c on object id p0
2026-04-06 22:59:14,840 - INFO - Processing Batch 1567
2026-04-06 22:59:18,643 - INFO - Received command c on object id p0
2026-04-06 22:59:18,643 - INFO - Processing Batch 1568
2026-04-06 22:59:22,343 - INFO - Received command c on object id p0
2026-04-06 22:59:22,343 - INFO - Processing Batch 1569
2026-04-06 22:59:28,275 - INFO - Received command c on object id p0
2026-04-06 22:59:28,277 - INFO - Processing Batch 1570
2026-04-06 22:59:39,347 - INFO - Received command c on object id p0
2026-04-06 22:59:39,348 - INFO - Processing Batch 1571
2026-04-06 22:59:43,422 - INFO - Received command c on object id p0
2026-04-06 22:59:43,423 - INFO - Processing Batch 1572
2026-04-06 22:59:47,112 - INFO - Received command c on object id p0
2026-04-06 22:59:47,113 - INFO - Processing Batch 1573
2026-04-06 22:59:51,405 - INFO - Received command c on object id p0
2026-04-06 22:59:51,405 - INFO - Processing Batch 1574
2026-04-06 22:59:55,781 - INFO - Received command c on object id p0
2026-04-06 22:59:55,782 - INFO - Processing Batch 1575
2026-04-06 22:59:58,494 - INFO - Received command c on object id p0
2026-04-06 22:59:58,495 - INFO - Processing Batch 1576
2026-04-06 23:00:13,308 - INFO - Received command c on object id p0
2026-04-06 23:00:13,309 - INFO - Processing Batch 1577
2026-04-06 23:00:28,309 - INFO - Received command c on object id p0
2026-04-06 23:00:28,311 - INFO - Processing Batch 1578
2026-04-06 23:00:43,292 - INFO - Received command c on object id p0
2026-04-06 23:00:43,293 - INFO - Processing Batch 1579
2026-04-06 23:00:58,321 - INFO - Received command c on object id p0
2026-04-06 23:00:58,322 - INFO - Processing Batch 1580
2026-04-06 23:01:13,334 - INFO - Received command c on object id p0
2026-04-06 23:01:13,335 - INFO - Processing Batch 1581
2026-04-06 23:01:28,324 - INFO - Received command c on object id p0
2026-04-06 23:01:28,325 - INFO - Processing Batch 1582
2026-04-06 23:01:43,346 - INFO - Received command c on object id p0
2026-04-06 23:01:43,347 - INFO - Processing Batch 1583
2026-04-06 23:01:56,380 - INFO - Received command c on object id p0
2026-04-06 23:01:56,382 - INFO - Processing Batch 1584
2026-04-06 23:02:00,719 - INFO - Received command c on object id p0
2026-04-06 23:02:00,720 - INFO - Processing Batch 1585
2026-04-06 23:02:04,309 - INFO - Received command c on object id p0
2026-04-06 23:02:04,310 - INFO - Processing Batch 1586
2026-04-06 23:02:13,388 - INFO - Received command c on object id p0
2026-04-06 23:02:13,389 - INFO - Processing Batch 1587
2026-04-06 23:02:28,386 - INFO - Received command c on object id p0
2026-04-06 23:02:28,387 - INFO - Processing Batch 1588
2026-04-06 23:02:43,402 - INFO - Received command c on object id p0
2026-04-06 23:02:43,404 - INFO - Processing Batch 1589
2026-04-06 23:02:54,050 - INFO - Received command c on object id p0
2026-04-06 23:02:54,052 - INFO - Processing Batch 1590
2026-04-06 23:02:58,630 - INFO - Received command c on object id p0
2026-04-06 23:02:58,631 - INFO - Processing Batch 1591
2026-04-06 23:03:02,157 - INFO - Received command c on object id p0
2026-04-06 23:03:02,158 - INFO - Processing Batch 1592
2026-04-06 23:03:13,423 - INFO - Received command c on object id p0
2026-04-06 23:03:13,424 - INFO - Processing Batch 1593
2026-04-06 23:03:20,575 - INFO - Received command c on object id p0
2026-04-06 23:03:20,576 - INFO - Processing Batch 1594
2026-04-06 23:03:24,941 - INFO - Received command c on object id p0
2026-04-06 23:03:24,942 - INFO - Processing Batch 1595
2026-04-06 23:03:29,400 - INFO - Received command c on object id p0
2026-04-06 23:03:29,401 - INFO - Processing Batch 1596
2026-04-06 23:03:43,431 - INFO - Received command c on object id p0
2026-04-06 23:03:43,432 - INFO - Processing Batch 1597
2026-04-06 23:03:58,454 - INFO - Received command c on object id p0
2026-04-06 23:03:58,456 - INFO - Processing Batch 1598
2026-04-06 23:04:06,679 - INFO - Received command c on object id p0
2026-04-06 23:04:06,680 - INFO - Processing Batch 1599
2026-04-06 23:04:11,084 - INFO - Received command c on object id p0
2026-04-06 23:04:11,085 - INFO - Processing Batch 1600
2026-04-06 23:04:15,434 - INFO - Received command c on object id p0
2026-04-06 23:04:15,435 - INFO - Processing Batch 1601
2026-04-06 23:04:18,919 - INFO - Received command c on object id p0
2026-04-06 23:04:18,920 - INFO - Processing Batch 1602
2026-04-06 23:04:28,453 - INFO - Received command c on object id p0
2026-04-06 23:04:28,454 - INFO - Processing Batch 1603
2026-04-06 23:04:43,456 - INFO - Received command c on object id p0
2026-04-06 23:04:43,457 - INFO - Processing Batch 1604
2026-04-06 23:04:58,456 - INFO - Received command c on object id p0
2026-04-06 23:04:58,458 - INFO - Processing Batch 1605
2026-04-06 23:05:13,471 - INFO - Received command c on object id p0
2026-04-06 23:05:13,474 - INFO - Processing Batch 1606
2026-04-06 23:05:28,464 - INFO - Received command c on object id p0
2026-04-06 23:05:28,467 - INFO - Processing Batch 1607
2026-04-06 23:05:34,242 - INFO - Received command c on object id p0
2026-04-06 23:05:34,243 - INFO - Processing Batch 1608
2026-04-06 23:05:38,703 - INFO - Received command c on object id p0
2026-04-06 23:05:38,703 - INFO - Processing Batch 1609
2026-04-06 23:05:39,944 - INFO - Received command c on object id p0
2026-04-06 23:05:39,944 - INFO - Processing Batch 1610
2026-04-06 23:05:44,582 - INFO - Received command c on object id p0
2026-04-06 23:05:44,584 - INFO - Processing Batch 1611
2026-04-06 23:05:48,514 - INFO - Received command c on object id p0
2026-04-06 23:05:48,515 - INFO - Processing Batch 1612
2026-04-06 23:05:54,357 - INFO - Received command c on object id p0
2026-04-06 23:05:54,360 - INFO - Processing Batch 1613
2026-04-06 23:05:58,808 - INFO - Received command c on object id p0
2026-04-06 23:05:58,809 - INFO - Processing Batch 1614
2026-04-06 23:06:13,490 - INFO - Received command c on object id p0
2026-04-06 23:06:13,492 - INFO - Processing Batch 1615
2026-04-06 23:06:25,297 - INFO - Received command c on object id p0
2026-04-06 23:06:25,299 - INFO - Processing Batch 1616
2026-04-06 23:06:29,808 - INFO - Received command c on object id p0
2026-04-06 23:06:29,809 - INFO - Processing Batch 1617
2026-04-06 23:06:33,351 - INFO - Received command c on object id p0
2026-04-06 23:06:33,352 - INFO - Processing Batch 1618
2026-04-06 23:06:43,521 - INFO - Received command c on object id p0
2026-04-06 23:06:43,522 - INFO - Processing Batch 1619
2026-04-06 23:06:58,518 - INFO - Received command c on object id p0
2026-04-06 23:06:58,519 - INFO - Processing Batch 1620
2026-04-06 23:07:12,703 - INFO - Received command c on object id p0
2026-04-06 23:07:12,704 - INFO - Processing Batch 1621
2026-04-06 23:07:17,103 - INFO - Received command c on object id p0
2026-04-06 23:07:17,104 - INFO - Processing Batch 1622
2026-04-06 23:07:20,690 - INFO - Received command c on object id p0
2026-04-06 23:07:20,691 - INFO - Processing Batch 1623
2026-04-06 23:07:28,529 - INFO - Received command c on object id p0
2026-04-06 23:07:28,531 - INFO - Processing Batch 1624
2026-04-06 23:07:34,781 - INFO - Received command c on object id p0
2026-04-06 23:07:34,782 - INFO - Processing Batch 1625
2026-04-06 23:07:39,188 - INFO - Received command c on object id p0
2026-04-06 23:07:39,189 - INFO - Processing Batch 1626
2026-04-06 23:07:43,908 - INFO - Received command c on object id p0
2026-04-06 23:07:43,909 - INFO - Processing Batch 1627
2026-04-06 23:07:58,537 - INFO - Received command c on object id p0
2026-04-06 23:07:58,540 - INFO - Processing Batch 1628
2026-04-06 23:08:13,531 - INFO - Received command c on object id p0
2026-04-06 23:08:13,532 - INFO - Processing Batch 1629
2026-04-06 23:08:28,551 - INFO - Received command c on object id p0
2026-04-06 23:08:28,552 - INFO - Processing Batch 1630
2026-04-06 23:08:43,549 - INFO - Received command c on object id p0
2026-04-06 23:08:43,550 - INFO - Processing Batch 1631
2026-04-06 23:08:49,884 - INFO - Received command c on object id p0
2026-04-06 23:08:49,885 - INFO - Processing Batch 1632
2026-04-06 23:08:58,567 - INFO - Received command c on object id p0
2026-04-06 23:08:58,569 - INFO - Processing Batch 1633
2026-04-06 23:09:13,587 - INFO - Received command c on object id p0
2026-04-06 23:09:13,594 - INFO - Processing Batch 1634
2026-04-06 23:09:17,249 - INFO - Received command c on object id p0
2026-04-06 23:09:17,249 - INFO - Processing Batch 1635
2026-04-06 23:09:28,592 - INFO - Received command c on object id p0
2026-04-06 23:09:28,593 - INFO - Processing Batch 1636
2026-04-06 23:09:33,435 - INFO - Received command c on object id p0
2026-04-06 23:09:33,436 - INFO - Processing Batch 1637
2026-04-06 23:09:39,321 - INFO - Received command c on object id p0
2026-04-06 23:09:39,322 - INFO - Processing Batch 1638
2026-04-06 23:09:43,620 - INFO - Received command c on object id p0
2026-04-06 23:09:43,621 - INFO - Processing Batch 1639
2026-04-06 23:09:58,570 - INFO - Received command c on object id p0
2026-04-06 23:09:58,571 - INFO - Processing Batch 1640
2026-04-06 23:10:03,356 - INFO - Received command c on object id p0
2026-04-06 23:10:03,357 - INFO - Processing Batch 1641
2026-04-06 23:10:07,754 - INFO - Received command c on object id p0
2026-04-06 23:10:07,755 - INFO - Processing Batch 1642
2026-04-06 23:10:13,582 - INFO - Received command c on object id p0
2026-04-06 23:10:13,584 - INFO - Processing Batch 1643
2026-04-06 23:10:23,134 - INFO - Received command c on object id p0
2026-04-06 23:10:23,135 - INFO - Processing Batch 1644
2026-04-06 23:10:27,384 - INFO - Received command c on object id p0
2026-04-06 23:10:27,385 - INFO - Processing Batch 1645
2026-04-06 23:10:29,136 - INFO - Received command c on object id p0
2026-04-06 23:10:29,137 - INFO - Processing Batch 1646
2026-04-06 23:10:33,823 - INFO - Received command c on object id p0
2026-04-06 23:10:33,824 - INFO - Processing Batch 1647
2026-04-06 23:10:38,093 - INFO - Received command c on object id p0
2026-04-06 23:10:38,094 - INFO - Processing Batch 1648
2026-04-06 23:10:40,305 - INFO - Received command c on object id p0
2026-04-06 23:10:40,306 - INFO - Processing Batch 1649
2026-04-06 23:10:44,717 - INFO - Received command c on object id p0
2026-04-06 23:10:44,717 - INFO - Processing Batch 1650
2026-04-06 23:10:48,284 - INFO - Received command c on object id p0
2026-04-06 23:10:48,285 - INFO - Processing Batch 1651
2026-04-06 23:10:53,051 - INFO - Received command c on object id p0
2026-04-06 23:10:53,052 - INFO - Processing Batch 1652
2026-04-06 23:10:57,405 - INFO - Received command c on object id p0
2026-04-06 23:10:57,406 - INFO - Processing Batch 1653
2026-04-06 23:10:58,578 - INFO - Received command c on object id p0
2026-04-06 23:10:58,579 - INFO - Processing Batch 1654
2026-04-06 23:11:13,608 - INFO - Received command c on object id p0
2026-04-06 23:11:13,609 - INFO - Processing Batch 1655
2026-04-06 23:11:28,609 - INFO - Received command c on object id p0
2026-04-06 23:11:28,610 - INFO - Processing Batch 1656
2026-04-06 23:11:40,740 - INFO - Received command c on object id p0
2026-04-06 23:11:40,745 - INFO - Processing Batch 1657
2026-04-06 23:11:45,447 - INFO - Received command c on object id p0
2026-04-06 23:11:45,448 - INFO - Processing Batch 1658
2026-04-06 23:11:58,620 - INFO - Received command c on object id p0
2026-04-06 23:11:58,621 - INFO - Processing Batch 1659
2026-04-06 23:12:02,155 - INFO - Received command c on object id p0
2026-04-06 23:12:02,156 - INFO - Processing Batch 1660
2026-04-06 23:12:12,028 - INFO - Received command c on object id p0
2026-04-06 23:12:12,029 - INFO - Processing Batch 1661
2026-04-06 23:12:16,398 - INFO - Received command c on object id p0
2026-04-06 23:12:16,399 - INFO - Processing Batch 1662
2026-04-06 23:12:24,734 - INFO - Received command c on object id p0
2026-04-06 23:12:24,735 - INFO - Processing Batch 1663
2026-04-06 23:12:29,027 - INFO - Received command c on object id p0
2026-04-06 23:12:29,028 - INFO - Processing Batch 1664
2026-04-06 23:12:33,802 - INFO - Received command c on object id p0
2026-04-06 23:12:33,803 - INFO - Processing Batch 1665
2026-04-06 23:12:43,641 - INFO - Received command c on object id p0
2026-04-06 23:12:43,642 - INFO - Processing Batch 1666
2026-04-06 23:12:49,696 - INFO - Received command c on object id p0
2026-04-06 23:12:49,696 - INFO - Processing Batch 1667
2026-04-06 23:12:55,848 - INFO - Received command c on object id p0
2026-04-06 23:12:55,850 - INFO - Processing Batch 1668
2026-04-06 23:13:00,202 - INFO - Received command c on object id p0
2026-04-06 23:13:00,203 - INFO - Processing Batch 1669
2026-04-06 23:13:03,757 - INFO - Received command c on object id p0
2026-04-06 23:13:03,758 - INFO - Processing Batch 1670
2026-04-06 23:13:13,667 - INFO - Received command c on object id p0
2026-04-06 23:13:13,668 - INFO - Processing Batch 1671
2026-04-06 23:13:28,658 - INFO - Received command c on object id p0
2026-04-06 23:13:28,659 - INFO - Processing Batch 1672
2026-04-06 23:13:43,669 - INFO - Received command c on object id p0
2026-04-06 23:13:43,670 - INFO - Processing Batch 1673
2026-04-06 23:13:58,676 - INFO - Received command c on object id p0
2026-04-06 23:13:58,677 - INFO - Processing Batch 1674
2026-04-06 23:14:11,381 - INFO - Received command c on object id p0
2026-04-06 23:14:11,383 - INFO - Processing Batch 1675
2026-04-06 23:14:16,007 - INFO - Received command c on object id p0
2026-04-06 23:14:16,008 - INFO - Processing Batch 1676
2026-04-06 23:14:28,713 - INFO - Received command c on object id p0
2026-04-06 23:14:28,717 - INFO - Processing Batch 1677
2026-04-06 23:14:42,717 - INFO - Received command c on object id p0
2026-04-06 23:14:42,718 - INFO - Processing Batch 1678
2026-04-06 23:14:47,241 - INFO - Received command c on object id p0
2026-04-06 23:14:47,242 - INFO - Processing Batch 1679
2026-04-06 23:14:53,395 - INFO - Received command c on object id p0
2026-04-06 23:14:53,396 - INFO - Processing Batch 1680
2026-04-06 23:14:57,755 - INFO - Received command c on object id p0
2026-04-06 23:14:57,755 - INFO - Processing Batch 1681
2026-04-06 23:14:59,511 - INFO - Received command c on object id p0
2026-04-06 23:14:59,512 - INFO - Processing Batch 1682
2026-04-06 23:15:10,670 - INFO - Received command c on object id p0
2026-04-06 23:15:10,671 - INFO - Processing Batch 1683
2026-04-06 23:15:15,141 - INFO - Received command c on object id p0
2026-04-06 23:15:15,142 - INFO - Processing Batch 1684
2026-04-06 23:15:18,692 - INFO - Received command c on object id p0
2026-04-06 23:15:18,693 - INFO - Processing Batch 1685
2026-04-06 23:15:28,708 - INFO - Received command c on object id p0
2026-04-06 23:15:28,709 - INFO - Processing Batch 1686
2026-04-06 23:15:40,333 - INFO - Received command c on object id p0
2026-04-06 23:15:40,334 - INFO - Processing Batch 1687
2026-04-06 23:15:44,480 - INFO - Received command c on object id p0
2026-04-06 23:15:44,481 - INFO - Processing Batch 1688
2026-04-06 23:15:50,868 - INFO - Received command c on object id p0
2026-04-06 23:15:50,870 - INFO - Processing Batch 1689
2026-04-06 23:15:58,719 - INFO - Received command c on object id p0
2026-04-06 23:15:58,723 - INFO - Processing Batch 1690
2026-04-06 23:16:13,732 - INFO - Received command c on object id p0
2026-04-06 23:16:13,733 - INFO - Processing Batch 1691
2026-04-06 23:16:23,665 - INFO - Received command c on object id p0
2026-04-06 23:16:23,666 - INFO - Processing Batch 1692
2026-04-06 23:16:28,016 - INFO - Received command c on object id p0
2026-04-06 23:16:28,017 - INFO - Processing Batch 1693
2026-04-06 23:16:29,473 - INFO - Received command c on object id p0
2026-04-06 23:16:29,474 - INFO - Processing Batch 1694
2026-04-06 23:16:33,163 - INFO - Received command c on object id p0
2026-04-06 23:16:33,163 - INFO - Processing Batch 1695
2026-04-06 23:16:37,193 - INFO - Received command c on object id p0
2026-04-06 23:16:37,195 - INFO - Processing Batch 1696
2026-04-06 23:16:41,527 - INFO - Received command c on object id p0
2026-04-06 23:16:41,528 - INFO - Processing Batch 1697
2026-04-06 23:16:44,820 - INFO - Received command c on object id p0
2026-04-06 23:16:44,821 - INFO - Processing Batch 1698
2026-04-06 23:16:58,753 - INFO - Received command c on object id p0
2026-04-06 23:16:58,756 - INFO - Processing Batch 1699
2026-04-06 23:17:13,733 - INFO - Received command c on object id p0
2026-04-06 23:17:13,734 - INFO - Processing Batch 1700
2026-04-06 23:17:28,759 - INFO - Received command c on object id p0
2026-04-06 23:17:28,760 - INFO - Processing Batch 1701
2026-04-06 23:17:32,249 - INFO - Received command c on object id p0
2026-04-06 23:17:32,249 - INFO - Processing Batch 1702
2026-04-06 23:17:38,252 - INFO - Received command c on object id p0
2026-04-06 23:17:38,253 - INFO - Processing Batch 1703
2026-04-06 23:17:43,766 - INFO - Received command c on object id p0
2026-04-06 23:17:43,767 - INFO - Processing Batch 1704
2026-04-06 23:17:52,012 - INFO - Received command c on object id p0
2026-04-06 23:17:52,013 - INFO - Processing Batch 1705
2026-04-06 23:17:56,252 - INFO - Received command c on object id p0
2026-04-06 23:17:56,252 - INFO - Processing Batch 1706
2026-04-06 23:17:58,776 - INFO - Received command c on object id p0
2026-04-06 23:17:58,777 - INFO - Processing Batch 1707
2026-04-06 23:18:02,365 - INFO - Received command c on object id p0
2026-04-06 23:18:02,366 - INFO - Processing Batch 1708
2026-04-06 23:18:08,463 - INFO - Received command c on object id p0
2026-04-06 23:18:08,465 - INFO - Processing Batch 1709
2026-04-06 23:18:12,750 - INFO - Received command c on object id p0
2026-04-06 23:18:12,751 - INFO - Processing Batch 1710
2026-04-06 23:18:13,781 - INFO - Received command c on object id p0
2026-04-06 23:18:13,782 - INFO - Processing Batch 1711
2026-04-06 23:18:28,800 - INFO - Received command c on object id p0
2026-04-06 23:18:28,801 - INFO - Processing Batch 1712
2026-04-06 23:18:32,281 - INFO - Received command c on object id p0
2026-04-06 23:18:32,282 - INFO - Processing Batch 1713
2026-04-06 23:18:36,438 - INFO - Received command c on object id p0
2026-04-06 23:18:36,439 - INFO - Processing Batch 1714
2026-04-06 23:18:38,969 - INFO - Received command c on object id p0
2026-04-06 23:18:38,970 - INFO - Processing Batch 1715
2026-04-06 23:18:43,802 - INFO - Received command c on object id p0
2026-04-06 23:18:43,803 - INFO - Processing Batch 1716
2026-04-06 23:18:58,802 - INFO - Received command c on object id p0
2026-04-06 23:18:58,803 - INFO - Processing Batch 1717
2026-04-06 23:19:13,823 - INFO - Received command c on object id p0
2026-04-06 23:19:13,824 - INFO - Processing Batch 1718
2026-04-06 23:19:24,705 - INFO - Received command c on object id p0
2026-04-06 23:19:24,706 - INFO - Processing Batch 1719
2026-04-06 23:19:29,195 - INFO - Received command c on object id p0
2026-04-06 23:19:29,196 - INFO - Processing Batch 1720
2026-04-06 23:19:32,765 - INFO - Received command c on object id p0
2026-04-06 23:19:32,766 - INFO - Processing Batch 1721
2026-04-06 23:19:37,306 - INFO - Received command c on object id p0
2026-04-06 23:19:37,307 - INFO - Processing Batch 1722
2026-04-06 23:19:39,263 - INFO - Received command c on object id p0
2026-04-06 23:19:39,263 - INFO - Processing Batch 1723
2026-04-06 23:19:43,772 - INFO - Received command c on object id p0
2026-04-06 23:19:43,773 - INFO - Processing Batch 1724
2026-04-06 23:19:47,090 - INFO - Received command c on object id p0
2026-04-06 23:19:47,091 - INFO - Processing Batch 1725
2026-04-06 23:19:58,818 - INFO - Received command c on object id p0
2026-04-06 23:19:58,821 - INFO - Processing Batch 1726
2026-04-06 23:20:13,892 - INFO - Received command c on object id p0
2026-04-06 23:20:13,895 - INFO - Processing Batch 1727
2026-04-06 23:20:24,511 - INFO - Received command c on object id p0
2026-04-06 23:20:24,512 - INFO - Processing Batch 1728
2026-04-06 23:20:28,903 - INFO - Received command c on object id p0
2026-04-06 23:20:28,904 - INFO - Processing Batch 1729
2026-04-06 23:20:32,475 - INFO - Received command c on object id p0
2026-04-06 23:20:32,476 - INFO - Processing Batch 1730
2026-04-06 23:20:35,914 - INFO - Received command c on object id p0
2026-04-06 23:20:35,915 - INFO - Processing Batch 1731
2026-04-06 23:20:38,299 - INFO - Received command c on object id p0
2026-04-06 23:20:38,299 - INFO - Processing Batch 1732
2026-04-06 23:20:41,697 - INFO - Received command c on object id p0
2026-04-06 23:20:41,698 - INFO - Processing Batch 1733
2026-04-06 23:20:43,828 - INFO - Received command c on object id p0
2026-04-06 23:20:43,829 - INFO - Processing Batch 1734
2026-04-06 23:20:58,825 - INFO - Received command c on object id p0
2026-04-06 23:20:58,826 - INFO - Processing Batch 1735
2026-04-06 23:21:05,670 - INFO - Received command c on object id p0
2026-04-06 23:21:05,672 - INFO - Processing Batch 1736
2026-04-06 23:21:10,020 - INFO - Received command c on object id p0
2026-04-06 23:21:10,022 - INFO - Processing Batch 1737
2026-04-06 23:21:13,497 - INFO - Received command c on object id p0
2026-04-06 23:21:13,498 - INFO - Processing Batch 1738
2026-04-06 23:21:17,891 - INFO - Received command c on object id p0
2026-04-06 23:21:17,892 - INFO - Processing Batch 1739
2026-04-06 23:21:28,873 - INFO - Received command c on object id p0
2026-04-06 23:21:28,874 - INFO - Processing Batch 1740
2026-04-06 23:21:40,778 - INFO - Received command c on object id p0
2026-04-06 23:21:40,779 - INFO - Processing Batch 1741
2026-04-06 23:21:44,969 - INFO - Received command c on object id p0
2026-04-06 23:21:44,970 - INFO - Processing Batch 1742
2026-04-06 23:21:48,578 - INFO - Received command c on object id p0
2026-04-06 23:21:48,579 - INFO - Processing Batch 1743
2026-04-06 23:21:52,495 - INFO - Received command c on object id p0
2026-04-06 23:21:52,496 - INFO - Processing Batch 1744
2026-04-06 23:21:55,582 - INFO - Received command c on object id p0
2026-04-06 23:21:55,583 - INFO - Processing Batch 1745
2026-04-06 23:21:58,867 - INFO - Received command c on object id p0
2026-04-06 23:21:58,868 - INFO - Processing Batch 1746
2026-04-06 23:22:13,948 - INFO - Received command c on object id p0
2026-04-06 23:22:13,953 - INFO - Processing Batch 1747
2026-04-06 23:22:28,884 - INFO - Received command c on object id p0
2026-04-06 23:22:28,885 - INFO - Processing Batch 1748
2026-04-06 23:22:41,529 - INFO - Received command c on object id p0
2026-04-06 23:22:41,530 - INFO - Processing Batch 1749
2026-04-06 23:22:45,974 - INFO - Received command c on object id p0
2026-04-06 23:22:45,975 - INFO - Processing Batch 1750
2026-04-06 23:22:54,826 - INFO - Received command c on object id p0
2026-04-06 23:22:54,827 - INFO - Processing Batch 1751
2026-04-06 23:22:59,247 - INFO - Received command c on object id p0
2026-04-06 23:22:59,248 - INFO - Processing Batch 1752
2026-04-06 23:23:13,923 - INFO - Received command c on object id p0
2026-04-06 23:23:13,925 - INFO - Processing Batch 1753
2026-04-06 23:23:28,925 - INFO - Received command c on object id p0
2026-04-06 23:23:28,926 - INFO - Processing Batch 1754
2026-04-06 23:23:32,500 - INFO - Received command c on object id p0
2026-04-06 23:23:32,501 - INFO - Processing Batch 1755
2026-04-06 23:23:39,256 - INFO - Received command c on object id p0
2026-04-06 23:23:39,257 - INFO - Processing Batch 1756
2026-04-06 23:23:43,506 - INFO - Received command c on object id p0
2026-04-06 23:23:43,507 - INFO - Processing Batch 1757
2026-04-06 23:23:45,278 - INFO - Received command c on object id p0
2026-04-06 23:23:45,279 - INFO - Processing Batch 1758
2026-04-06 23:23:58,939 - INFO - Received command c on object id p0
2026-04-06 23:23:58,940 - INFO - Processing Batch 1759
2026-04-06 23:24:02,488 - INFO - Received command c on object id p0
2026-04-06 23:24:02,489 - INFO - Processing Batch 1760
2026-04-06 23:24:06,403 - INFO - Received command c on object id p0
2026-04-06 23:24:06,404 - INFO - Processing Batch 1761
2026-04-06 23:24:08,085 - INFO - Received command c on object id p0
2026-04-06 23:24:08,086 - INFO - Processing Batch 1762
2026-04-06 23:24:13,950 - INFO - Received command c on object id p0
2026-04-06 23:24:13,952 - INFO - Processing Batch 1763
2026-04-06 23:24:28,954 - INFO - Received command c on object id p0
2026-04-06 23:24:28,955 - INFO - Processing Batch 1764
2026-04-06 23:24:44,004 - INFO - Received command c on object id p0
2026-04-06 23:24:44,007 - INFO - Processing Batch 1765
2026-04-06 23:24:58,972 - INFO - Received command c on object id p0
2026-04-06 23:24:58,975 - INFO - Processing Batch 1766
2026-04-06 23:25:13,721 - INFO - Received command c on object id p0
2026-04-06 23:25:13,722 - INFO - Processing Batch 1767
2026-04-06 23:25:18,174 - INFO - Received command c on object id p0
2026-04-06 23:25:18,175 - INFO - Processing Batch 1768
2026-04-06 23:25:23,234 - INFO - Received command c on object id p0
2026-04-06 23:25:23,235 - INFO - Processing Batch 1769
2026-04-06 23:25:27,622 - INFO - Received command c on object id p0
2026-04-06 23:25:27,623 - INFO - Processing Batch 1770
2026-04-06 23:25:31,938 - INFO - Received command c on object id p0
2026-04-06 23:25:31,939 - INFO - Processing Batch 1771
2026-04-06 23:25:44,067 - INFO - Received command c on object id p0
2026-04-06 23:25:44,072 - INFO - Processing Batch 1772
2026-04-06 23:25:59,007 - INFO - Received command c on object id p0
2026-04-06 23:25:59,010 - INFO - Processing Batch 1773
2026-04-06 23:26:02,719 - INFO - Received command c on object id p0
2026-04-06 23:26:02,720 - INFO - Processing Batch 1774
2026-04-06 23:26:09,592 - INFO - Received command c on object id p0
2026-04-06 23:26:09,595 - INFO - Processing Batch 1775
2026-04-06 23:26:14,063 - INFO - Received command c on object id p0
2026-04-06 23:26:14,063 - INFO - Processing Batch 1776
2026-04-06 23:26:29,010 - INFO - Received command c on object id p0
2026-04-06 23:26:29,012 - INFO - Processing Batch 1777
2026-04-06 23:26:40,246 - INFO - Received command c on object id p0
2026-04-06 23:26:40,247 - INFO - Processing Batch 1778
2026-04-06 23:26:44,513 - INFO - Received command c on object id p0
2026-04-06 23:26:44,513 - INFO - Processing Batch 1779
2026-04-06 23:26:48,098 - INFO - Received command c on object id p0
2026-04-06 23:26:48,099 - INFO - Processing Batch 1780
2026-04-06 23:26:52,340 - INFO - Received command c on object id p0
2026-04-06 23:26:52,340 - INFO - Processing Batch 1781
2026-04-06 23:26:59,007 - INFO - Received command c on object id p0
2026-04-06 23:26:59,008 - INFO - Processing Batch 1782
2026-04-06 23:27:14,018 - INFO - Received command c on object id p0
2026-04-06 23:27:14,019 - INFO - Processing Batch 1783
2026-04-06 23:27:23,961 - INFO - Received command c on object id p0
2026-04-06 23:27:23,962 - INFO - Processing Batch 1784
2026-04-06 23:27:28,113 - INFO - Received command c on object id p0
2026-04-06 23:27:28,114 - INFO - Processing Batch 1785
2026-04-06 23:27:31,425 - INFO - Received command c on object id p0
2026-04-06 23:27:31,426 - INFO - Processing Batch 1786
2026-04-06 23:27:42,482 - INFO - Received command c on object id p0
2026-04-06 23:27:42,483 - INFO - Processing Batch 1787
2026-04-06 23:27:46,786 - INFO - Received command c on object id p0
2026-04-06 23:27:46,787 - INFO - Processing Batch 1788
2026-04-06 23:27:59,039 - INFO - Received command c on object id p0
2026-04-06 23:27:59,040 - INFO - Processing Batch 1789
2026-04-06 23:28:03,710 - INFO - Received command c on object id p0
2026-04-06 23:28:03,711 - INFO - Processing Batch 1790
2026-04-06 23:28:08,089 - INFO - Received command c on object id p0
2026-04-06 23:28:08,090 - INFO - Processing Batch 1791
2026-04-06 23:28:11,133 - INFO - Received command c on object id p0
2026-04-06 23:28:11,134 - INFO - Processing Batch 1792
2026-04-06 23:28:15,011 - INFO - Received command c on object id p0
2026-04-06 23:28:15,012 - INFO - Processing Batch 1793
2026-04-06 23:28:29,054 - INFO - Received command c on object id p0
2026-04-06 23:28:29,055 - INFO - Processing Batch 1794
2026-04-06 23:28:43,290 - INFO - Received command c on object id p0
2026-04-06 23:28:43,292 - INFO - Processing Batch 1795
2026-04-06 23:28:47,744 - INFO - Received command c on object id p0
2026-04-06 23:28:47,745 - INFO - Processing Batch 1796
2026-04-06 23:28:51,362 - INFO - Received command c on object id p0
2026-04-06 23:28:51,362 - INFO - Processing Batch 1797
2026-04-06 23:28:56,031 - INFO - Received command c on object id p0
2026-04-06 23:28:56,032 - INFO - Processing Batch 1798
2026-04-06 23:29:00,405 - INFO - Received command c on object id p0
2026-04-06 23:29:00,406 - INFO - Processing Batch 1799
2026-04-06 23:29:14,064 - INFO - Received command c on object id p0
2026-04-06 23:29:14,065 - INFO - Processing Batch 1800
2026-04-06 23:29:25,659 - INFO - Received command c on object id p0
2026-04-06 23:29:25,660 - INFO - Processing Batch 1801
2026-04-06 23:29:30,081 - INFO - Received command c on object id p0
2026-04-06 23:29:30,081 - INFO - Processing Batch 1802
2026-04-06 23:29:33,618 - INFO - Received command c on object id p0
2026-04-06 23:29:33,618 - INFO - Processing Batch 1803
2026-04-06 23:29:44,093 - INFO - Received command c on object id p0
2026-04-06 23:29:44,094 - INFO - Processing Batch 1804
2026-04-06 23:29:59,084 - INFO - Received command c on object id p0
2026-04-06 23:29:59,086 - INFO - Processing Batch 1805
2026-04-06 23:30:03,941 - INFO - Received command c on object id p0
2026-04-06 23:30:03,942 - INFO - Processing Batch 1806
2026-04-06 23:30:08,662 - INFO - Received command c on object id p0
2026-04-06 23:30:08,663 - INFO - Processing Batch 1807
2026-04-06 23:30:10,188 - INFO - Received command c on object id p0
2026-04-06 23:30:10,189 - INFO - Processing Batch 1808
2026-04-06 23:30:14,856 - INFO - Received command c on object id p0
2026-04-06 23:30:14,858 - INFO - Processing Batch 1809
2026-04-06 23:30:18,499 - INFO - Received command c on object id p0
2026-04-06 23:30:18,500 - INFO - Processing Batch 1810
2026-04-06 23:30:29,140 - INFO - Received command c on object id p0
2026-04-06 23:30:29,145 - INFO - Processing Batch 1811
2026-04-06 23:30:44,110 - INFO - Received command c on object id p0
2026-04-06 23:30:44,111 - INFO - Processing Batch 1812
2026-04-06 23:30:49,435 - INFO - Received command c on object id p0
2026-04-06 23:30:49,436 - INFO - Processing Batch 1813
2026-04-06 23:30:53,623 - INFO - Received command c on object id p0
2026-04-06 23:30:53,623 - INFO - Processing Batch 1814
2026-04-06 23:30:56,675 - INFO - Received command c on object id p0
2026-04-06 23:30:56,676 - INFO - Processing Batch 1815
2026-04-06 23:31:00,491 - INFO - Received command c on object id p0
2026-04-06 23:31:00,492 - INFO - Processing Batch 1816
2026-04-06 23:31:14,147 - INFO - Received command c on object id p0
2026-04-06 23:31:14,148 - INFO - Processing Batch 1817
2026-04-06 23:31:19,469 - INFO - Received command c on object id p0
2026-04-06 23:31:19,470 - INFO - Processing Batch 1818
2026-04-06 23:31:23,772 - INFO - Received command c on object id p0
2026-04-06 23:31:23,773 - INFO - Processing Batch 1819
2026-04-06 23:31:26,362 - INFO - Received command c on object id p0
2026-04-06 23:31:26,363 - INFO - Processing Batch 1820
2026-04-06 23:31:29,109 - INFO - Received command c on object id p0
2026-04-06 23:31:29,110 - INFO - Processing Batch 1821
2026-04-06 23:31:32,631 - INFO - Received command c on object id p0
2026-04-06 23:31:32,634 - INFO - Processing Batch 1822
2026-04-06 23:31:36,230 - INFO - Received command c on object id p0
2026-04-06 23:31:36,231 - INFO - Processing Batch 1823
2026-04-06 23:31:44,150 - INFO - Received command c on object id p0
2026-04-06 23:31:44,152 - INFO - Processing Batch 1824
2026-04-06 23:31:59,149 - INFO - Received command c on object id p0
2026-04-06 23:31:59,150 - INFO - Processing Batch 1825
2026-04-06 23:32:09,146 - INFO - Received command c on object id p0
2026-04-06 23:32:09,148 - INFO - Processing Batch 1826
2026-04-06 23:32:13,616 - INFO - Received command c on object id p0
2026-04-06 23:32:13,617 - INFO - Processing Batch 1827
2026-04-06 23:32:15,837 - INFO - Received command c on object id p0
2026-04-06 23:32:15,838 - INFO - Processing Batch 1828
2026-04-06 23:32:29,166 - INFO - Received command c on object id p0
2026-04-06 23:32:29,167 - INFO - Processing Batch 1829
2026-04-06 23:32:32,638 - INFO - Received command c on object id p0
2026-04-06 23:32:32,639 - INFO - Processing Batch 1830
2026-04-06 23:32:44,172 - INFO - Received command c on object id p0
2026-04-06 23:32:44,172 - INFO - Processing Batch 1831
2026-04-06 23:32:47,717 - INFO - Received command c on object id p0
2026-04-06 23:32:47,718 - INFO - Processing Batch 1832
2026-04-06 23:32:51,582 - INFO - Received command c on object id p0
2026-04-06 23:32:51,583 - INFO - Processing Batch 1833
2026-04-06 23:32:55,257 - INFO - Received command c on object id p0
2026-04-06 23:32:55,258 - INFO - Processing Batch 1834
2026-04-06 23:32:59,187 - INFO - Received command c on object id p0
2026-04-06 23:32:59,188 - INFO - Processing Batch 1835
2026-04-06 23:33:14,181 - INFO - Received command c on object id p0
2026-04-06 23:33:14,182 - INFO - Processing Batch 1836
2026-04-06 23:33:26,953 - INFO - Received command c on object id p0
2026-04-06 23:33:26,954 - INFO - Processing Batch 1837
2026-04-06 23:33:31,522 - INFO - Received command c on object id p0
2026-04-06 23:33:31,523 - INFO - Processing Batch 1838
2026-04-06 23:33:35,084 - INFO - Received command c on object id p0
2026-04-06 23:33:35,085 - INFO - Processing Batch 1839
2026-04-06 23:33:38,456 - INFO - Received command c on object id p0
2026-04-06 23:33:38,457 - INFO - Processing Batch 1840
2026-04-06 23:33:42,399 - INFO - Received command c on object id p0
2026-04-06 23:33:42,400 - INFO - Processing Batch 1841
2026-04-06 23:33:44,277 - INFO - Received command c on object id p0
2026-04-06 23:33:44,278 - INFO - Processing Batch 1842
2026-04-06 23:33:59,199 - INFO - Received command c on object id p0
2026-04-06 23:33:59,201 - INFO - Processing Batch 1843
2026-04-06 23:34:06,123 - INFO - Received command c on object id p0
2026-04-06 23:34:06,124 - INFO - Processing Batch 1844
2026-04-06 23:34:10,107 - INFO - Received command c on object id p0
2026-04-06 23:34:10,108 - INFO - Processing Batch 1845
2026-04-06 23:34:13,058 - INFO - Received command c on object id p0
2026-04-06 23:34:13,058 - INFO - Processing Batch 1846
2026-04-06 23:34:16,941 - INFO - Received command c on object id p0
2026-04-06 23:34:16,942 - INFO - Processing Batch 1847
2026-04-06 23:34:29,207 - INFO - Received command c on object id p0
2026-04-06 23:34:29,210 - INFO - Processing Batch 1848
2026-04-06 23:34:44,212 - INFO - Received command c on object id p0
2026-04-06 23:34:44,214 - INFO - Processing Batch 1849
2026-04-06 23:34:47,796 - INFO - Received command c on object id p0
2026-04-06 23:34:47,797 - INFO - Processing Batch 1850
2026-04-06 23:34:52,378 - INFO - Received command c on object id p0
2026-04-06 23:34:52,379 - INFO - Processing Batch 1851
2026-04-06 23:34:56,411 - INFO - Received command c on object id p0
2026-04-06 23:34:56,411 - INFO - Processing Batch 1852
2026-04-06 23:34:59,336 - INFO - Received command c on object id p0
2026-04-06 23:34:59,337 - INFO - Processing Batch 1853
2026-04-06 23:35:14,261 - INFO - Received command c on object id p0
2026-04-06 23:35:14,265 - INFO - Processing Batch 1854
2026-04-06 23:35:28,060 - INFO - Received command c on object id p0
2026-04-06 23:35:28,061 - INFO - Processing Batch 1855
2026-04-06 23:35:32,275 - INFO - Received command c on object id p0
2026-04-06 23:35:32,276 - INFO - Processing Batch 1856
2026-04-06 23:35:35,848 - INFO - Received command c on object id p0
2026-04-06 23:35:35,849 - INFO - Processing Batch 1857
2026-04-06 23:35:44,244 - INFO - Received command c on object id p0
2026-04-06 23:35:44,246 - INFO - Processing Batch 1858
2026-04-06 23:35:53,373 - INFO - Received command c on object id p0
2026-04-06 23:35:53,374 - INFO - Processing Batch 1859
2026-04-06 23:35:57,683 - INFO - Received command c on object id p0
2026-04-06 23:35:57,684 - INFO - Processing Batch 1860
2026-04-06 23:36:01,355 - INFO - Received command c on object id p0
2026-04-06 23:36:01,356 - INFO - Processing Batch 1861
2026-04-06 23:36:06,173 - INFO - Received command c on object id p0
2026-04-06 23:36:06,174 - INFO - Processing Batch 1862
2026-04-06 23:36:10,054 - INFO - Received command c on object id p0
2026-04-06 23:36:10,055 - INFO - Processing Batch 1863
2026-04-06 23:36:12,471 - INFO - Received command c on object id p0
2026-04-06 23:36:12,472 - INFO - Processing Batch 1864
2026-04-06 23:36:16,392 - INFO - Received command c on object id p0
2026-04-06 23:36:16,393 - INFO - Processing Batch 1865
2026-04-06 23:36:29,254 - INFO - Received command c on object id p0
2026-04-06 23:36:29,255 - INFO - Processing Batch 1866
2026-04-06 23:36:44,297 - INFO - Received command c on object id p0
2026-04-06 23:36:44,299 - INFO - Processing Batch 1867
2026-04-06 23:36:48,123 - INFO - Received command c on object id p0
2026-04-06 23:36:48,124 - INFO - Processing Batch 1868
2026-04-06 23:36:52,389 - INFO - Received command c on object id p0
2026-04-06 23:36:52,390 - INFO - Processing Batch 1869
2026-04-06 23:36:59,267 - INFO - Received command c on object id p0
2026-04-06 23:36:59,269 - INFO - Processing Batch 1870
2026-04-06 23:37:05,476 - INFO - Received command c on object id p0
2026-04-06 23:37:05,478 - INFO - Processing Batch 1871
2026-04-06 23:37:09,950 - INFO - Received command c on object id p0
2026-04-06 23:37:09,953 - INFO - Processing Batch 1872
2026-04-06 23:37:14,306 - INFO - Received command c on object id p0
2026-04-06 23:37:14,308 - INFO - Processing Batch 1873
2026-04-06 23:37:23,714 - INFO - Received command c on object id p0
2026-04-06 23:37:23,716 - INFO - Processing Batch 1874
2026-04-06 23:37:28,350 - INFO - Received command c on object id p0
2026-04-06 23:37:28,351 - INFO - Processing Batch 1875
2026-04-06 23:37:32,125 - INFO - Received command c on object id p0
2026-04-06 23:37:32,126 - INFO - Processing Batch 1876
2026-04-06 23:37:44,327 - INFO - Received command c on object id p0
2026-04-06 23:37:44,328 - INFO - Processing Batch 1877
2026-04-06 23:37:59,314 - INFO - Received command c on object id p0
2026-04-06 23:37:59,315 - INFO - Processing Batch 1878
2026-04-06 23:38:02,945 - INFO - Received command c on object id p0
2026-04-06 23:38:02,946 - INFO - Processing Batch 1879
2026-04-06 23:38:07,204 - INFO - Received command c on object id p0
2026-04-06 23:38:07,205 - INFO - Processing Batch 1880
2026-04-06 23:38:14,313 - INFO - Received command c on object id p0
2026-04-06 23:38:14,314 - INFO - Processing Batch 1881
2026-04-06 23:38:29,388 - INFO - Received command c on object id p0
2026-04-06 23:38:29,400 - INFO - Processing Batch 1882
2026-04-06 23:38:33,106 - INFO - Received command c on object id p0
2026-04-06 23:38:33,107 - INFO - Processing Batch 1883
2026-04-06 23:38:44,003 - INFO - Received command c on object id p0
2026-04-06 23:38:44,004 - INFO - Processing Batch 1884
2026-04-06 23:38:48,608 - INFO - Received command c on object id p0
2026-04-06 23:38:48,609 - INFO - Processing Batch 1885
2026-04-06 23:38:53,127 - INFO - Received command c on object id p0
2026-04-06 23:38:53,128 - INFO - Processing Batch 1886
2026-04-06 23:38:57,568 - INFO - Received command c on object id p0
2026-04-06 23:38:57,569 - INFO - Processing Batch 1887
2026-04-06 23:39:01,947 - INFO - Received command c on object id p0
2026-04-06 23:39:01,948 - INFO - Processing Batch 1888
2026-04-06 23:39:14,349 - INFO - Received command c on object id p0
2026-04-06 23:39:14,350 - INFO - Processing Batch 1889
2026-04-06 23:39:29,356 - INFO - Received command c on object id p0
2026-04-06 23:39:29,357 - INFO - Processing Batch 1890
2026-04-06 23:39:44,357 - INFO - Received command c on object id p0
2026-04-06 23:39:44,358 - INFO - Processing Batch 1891
2026-04-06 23:39:47,875 - INFO - Received command c on object id p0
2026-04-06 23:39:47,875 - INFO - Processing Batch 1892
2026-04-06 23:39:55,248 - INFO - Received command c on object id p0
2026-04-06 23:39:55,249 - INFO - Processing Batch 1893
2026-04-06 23:39:59,539 - INFO - Received command c on object id p0
2026-04-06 23:39:59,540 - INFO - Processing Batch 1894
2026-04-06 23:40:03,153 - INFO - Received command c on object id p0
2026-04-06 23:40:03,154 - INFO - Processing Batch 1895
2026-04-06 23:40:06,990 - INFO - Received command c on object id p0
2026-04-06 23:40:06,991 - INFO - Processing Batch 1896
2026-04-06 23:40:14,378 - INFO - Received command c on object id p0
2026-04-06 23:40:14,379 - INFO - Processing Batch 1897
2026-04-06 23:40:17,898 - INFO - Received command c on object id p0
2026-04-06 23:40:17,899 - INFO - Processing Batch 1898
2026-04-06 23:40:22,393 - INFO - Received command c on object id p0
2026-04-06 23:40:22,394 - INFO - Processing Batch 1899
2026-04-06 23:40:29,373 - INFO - Received command c on object id p0
2026-04-06 23:40:29,374 - INFO - Processing Batch 1900
2026-04-06 23:40:43,433 - INFO - Received command c on object id p0
2026-04-06 23:40:43,433 - INFO - Processing Batch 1901
2026-04-06 23:40:47,913 - INFO - Received command c on object id p0
2026-04-06 23:40:47,914 - INFO - Processing Batch 1902
2026-04-06 23:40:51,595 - INFO - Received command c on object id p0
2026-04-06 23:40:51,596 - INFO - Processing Batch 1903
2026-04-06 23:40:55,321 - INFO - Received command c on object id p0
2026-04-06 23:40:55,322 - INFO - Processing Batch 1904
2026-04-06 23:40:59,391 - INFO - Received command c on object id p0
2026-04-06 23:40:59,393 - INFO - Processing Batch 1905
2026-04-06 23:41:14,376 - INFO - Received command c on object id p0
2026-04-06 23:41:14,377 - INFO - Processing Batch 1906
2026-04-06 23:41:28,594 - INFO - Received command c on object id p0
2026-04-06 23:41:28,595 - INFO - Processing Batch 1907
2026-04-06 23:41:33,007 - INFO - Received command c on object id p0
2026-04-06 23:41:33,008 - INFO - Processing Batch 1908
2026-04-06 23:41:36,782 - INFO - Received command c on object id p0
2026-04-06 23:41:36,783 - INFO - Processing Batch 1909
2026-04-06 23:41:40,647 - INFO - Received command c on object id p0
2026-04-06 23:41:40,648 - INFO - Processing Batch 1910
2026-04-06 23:41:44,495 - INFO - Received command c on object id p0
2026-04-06 23:41:44,496 - INFO - Processing Batch 1911
2026-04-06 23:41:59,422 - INFO - Received command c on object id p0
2026-04-06 23:41:59,423 - INFO - Processing Batch 1912
2026-04-06 23:42:14,417 - INFO - Received command c on object id p0
2026-04-06 23:42:14,418 - INFO - Processing Batch 1913
2026-04-06 23:42:17,984 - INFO - Received command c on object id p0
2026-04-06 23:42:17,985 - INFO - Processing Batch 1914
2026-04-06 23:42:22,200 - INFO - Received command c on object id p0
2026-04-06 23:42:22,201 - INFO - Processing Batch 1915
2026-04-06 23:42:29,434 - INFO - Received command c on object id p0
2026-04-06 23:42:29,435 - INFO - Processing Batch 1916
2026-04-06 23:42:41,963 - INFO - Received command c on object id p0
2026-04-06 23:42:41,964 - INFO - Processing Batch 1917
2026-04-06 23:42:46,243 - INFO - Received command c on object id p0
2026-04-06 23:42:46,244 - INFO - Processing Batch 1918
2026-04-06 23:42:51,476 - INFO - Received command c on object id p0
2026-04-06 23:42:51,477 - INFO - Processing Batch 1919
2026-04-06 23:42:55,851 - INFO - Received command c on object id p0
2026-04-06 23:42:55,852 - INFO - Processing Batch 1920
2026-04-06 23:42:59,433 - INFO - Received command c on object id p0
2026-04-06 23:42:59,434 - INFO - Processing Batch 1921
2026-04-06 23:43:03,019 - INFO - Received command c on object id p0
2026-04-06 23:43:03,020 - INFO - Processing Batch 1922
2026-04-06 23:43:14,435 - INFO - Received command c on object id p0
2026-04-06 23:43:14,437 - INFO - Processing Batch 1923
2026-04-06 23:43:17,991 - INFO - Received command c on object id p0
2026-04-06 23:43:17,992 - INFO - Processing Batch 1924
2026-04-06 23:43:29,451 - INFO - Received command c on object id p0
2026-04-06 23:43:29,452 - INFO - Processing Batch 1925
2026-04-06 23:43:33,003 - INFO - Received command c on object id p0
2026-04-06 23:43:33,003 - INFO - Processing Batch 1926
2026-04-06 23:43:44,452 - INFO - Received command c on object id p0
2026-04-06 23:43:44,453 - INFO - Processing Batch 1927
2026-04-06 23:43:59,462 - INFO - Received command c on object id p0
2026-04-06 23:43:59,463 - INFO - Processing Batch 1928
2026-04-06 23:44:12,122 - INFO - Received command c on object id p0
2026-04-06 23:44:12,123 - INFO - Processing Batch 1929
2026-04-06 23:44:16,701 - INFO - Received command c on object id p0
2026-04-06 23:44:16,702 - INFO - Processing Batch 1930
2026-04-06 23:44:22,660 - INFO - Received command c on object id p0
2026-04-06 23:44:22,661 - INFO - Processing Batch 1931
2026-04-06 23:44:27,079 - INFO - Received command c on object id p0
2026-04-06 23:44:27,079 - INFO - Processing Batch 1932
2026-04-06 23:44:31,732 - INFO - Received command c on object id p0
2026-04-06 23:44:31,733 - INFO - Processing Batch 1933
2026-04-06 23:44:35,300 - INFO - Received command c on object id p0
2026-04-06 23:44:35,301 - INFO - Processing Batch 1934
2026-04-06 23:44:39,527 - INFO - Received command c on object id p0
2026-04-06 23:44:39,528 - INFO - Processing Batch 1935
2026-04-06 23:44:44,480 - INFO - Received command c on object id p0
2026-04-06 23:44:44,481 - INFO - Processing Batch 1936
2026-04-06 23:44:59,490 - INFO - Received command c on object id p0
2026-04-06 23:44:59,491 - INFO - Processing Batch 1937
2026-04-06 23:45:14,504 - INFO - Received command c on object id p0
2026-04-06 23:45:14,505 - INFO - Processing Batch 1938
2026-04-06 23:45:19,555 - INFO - Received command c on object id p0
2026-04-06 23:45:19,555 - INFO - Processing Batch 1939
2026-04-06 23:45:23,874 - INFO - Received command c on object id p0
2026-04-06 23:45:23,875 - INFO - Processing Batch 1940
2026-04-06 23:45:25,749 - INFO - Received command c on object id p0
2026-04-06 23:45:25,749 - INFO - Processing Batch 1941
2026-04-06 23:45:30,120 - INFO - Received command c on object id p0
2026-04-06 23:45:30,121 - INFO - Processing Batch 1942
2026-04-06 23:45:33,654 - INFO - Received command c on object id p0
2026-04-06 23:45:33,654 - INFO - Processing Batch 1943
2026-04-06 23:45:38,667 - INFO - Received command c on object id p0
2026-04-06 23:45:38,668 - INFO - Processing Batch 1944
2026-04-06 23:45:42,269 - INFO - Received command c on object id p0
2026-04-06 23:45:42,270 - INFO - Processing Batch 1945
2026-04-06 23:45:44,744 - INFO - Received command c on object id p0
2026-04-06 23:45:44,745 - INFO - Processing Batch 1946
2026-04-06 23:45:59,553 - INFO - Received command c on object id p0
2026-04-06 23:45:59,555 - INFO - Processing Batch 1947
2026-04-06 23:46:05,618 - INFO - Received command c on object id p0
2026-04-06 23:46:05,619 - INFO - Processing Batch 1948
2026-04-06 23:46:09,918 - INFO - Received command c on object id p0
2026-04-06 23:46:09,919 - INFO - Processing Batch 1949
2026-04-06 23:46:12,678 - INFO - Received command c on object id p0
2026-04-06 23:46:12,679 - INFO - Processing Batch 1950
2026-04-06 23:46:15,397 - INFO - Received command c on object id p0
2026-04-06 23:46:15,397 - INFO - Processing Batch 1951
2026-04-06 23:46:29,555 - INFO - Received command c on object id p0
2026-04-06 23:46:29,556 - INFO - Processing Batch 1952
2026-04-06 23:46:44,577 - INFO - Received command c on object id p0
2026-04-06 23:46:44,578 - INFO - Processing Batch 1953
2026-04-06 23:46:50,402 - INFO - Received command c on object id p0
2026-04-06 23:46:50,402 - INFO - Processing Batch 1954
2026-04-06 23:46:54,886 - INFO - Received command c on object id p0
2026-04-06 23:46:54,887 - INFO - Processing Batch 1955
2026-04-06 23:46:59,283 - INFO - Received command c on object id p0
2026-04-06 23:46:59,284 - INFO - Processing Batch 1956
2026-04-06 23:47:02,719 - INFO - Received command c on object id p0
2026-04-06 23:47:02,719 - INFO - Processing Batch 1957
2026-04-06 23:47:14,572 - INFO - Received command c on object id p0
2026-04-06 23:47:14,573 - INFO - Processing Batch 1958
2026-04-06 23:47:29,564 - INFO - Received command c on object id p0
2026-04-06 23:47:29,565 - INFO - Processing Batch 1959
2026-04-06 23:47:33,074 - INFO - Received command c on object id p0
2026-04-06 23:47:33,075 - INFO - Processing Batch 1960
2026-04-06 23:47:37,503 - INFO - Received command c on object id p0
2026-04-06 23:47:37,504 - INFO - Processing Batch 1961
2026-04-06 23:47:44,587 - INFO - Received command c on object id p0
2026-04-06 23:47:44,588 - INFO - Processing Batch 1962
2026-04-06 23:47:49,377 - INFO - Error while receiving.
Traceback (most recent call last):
  File "/Users/poorvajha/Desktop/College/SEM6/Real-Time-Web-Intelligence-Platform/venv/lib/python3.13/site-packages/py4j/clientserver.py", line 511, in send_command
    answer = smart_decode(self.stream.readline()[:-1])
                          ~~~~~~~~~~~~~~~~~~~~^^
RuntimeError: reentrant call inside <_io.BufferedReader name=4>
2026-04-06 23:47:49,378 - INFO - Closing down clientserver connection
2026-04-06 23:47:49,379 - ERROR - Exception while sending command.
Traceback (most recent call last):
  File "/Users/poorvajha/Desktop/College/SEM6/Real-Time-Web-Intelligence-Platform/venv/lib/python3.13/site-packages/py4j/clientserver.py", line 511, in send_command
    answer = smart_decode(self.stream.readline()[:-1])
                          ~~~~~~~~~~~~~~~~~~~~^^
RuntimeError: reentrant call inside <_io.BufferedReader name=4>

During handling of the above exception, another exception occurred:

Traceback (most recent call last):
  File "/Users/poorvajha/Desktop/College/SEM6/Real-Time-Web-Intelligence-Platform/venv/lib/python3.13/site-packages/py4j/java_gateway.py", line 1038, in send_command
    response = connection.send_command(command)
  File "/Users/poorvajha/Desktop/College/SEM6/Real-Time-Web-Intelligence-Platform/venv/lib/python3.13/site-packages/py4j/clientserver.py", line 539, in send_command
    raise Py4JNetworkError(
        "Error while sending or receiving", e, proto.ERROR_ON_RECEIVE)
py4j.protocol.Py4JNetworkError: Error while sending or receiving
2026-04-06 23:47:49,381 - INFO - Error while receiving.
Traceback (most recent call last):
  File "/Users/poorvajha/Desktop/College/SEM6/Real-Time-Web-Intelligence-Platform/venv/lib/python3.13/site-packages/py4j/clientserver.py", line 511, in send_command
    answer = smart_decode(self.stream.readline()[:-1])
                          ~~~~~~~~~~~~~~~~~~~~^^
  File "/Library/Frameworks/Python.framework/Versions/3.13/lib/python3.13/socket.py", line 719, in readinto
    return self._sock.recv_into(b)
           ~~~~~~~~~~~~~~~~~~~~^^^
  File "/Users/poorvajha/Desktop/College/SEM6/Real-Time-Web-Intelligence-Platform/venv/lib/python3.13/site-packages/pyspark/context.py", line 381, in signal_handler
    self.cancelAllJobs()
    ~~~~~~~~~~~~~~~~~~^^
  File "/Users/poorvajha/Desktop/College/SEM6/Real-Time-Web-Intelligence-Platform/venv/lib/python3.13/site-packages/pyspark/context.py", line 2446, in cancelAllJobs
    self._jsc.sc().cancelAllJobs()
    ~~~~~~~~~~~~^^
  File "/Users/poorvajha/Desktop/College/SEM6/Real-Time-Web-Intelligence-Platform/venv/lib/python3.13/site-packages/py4j/java_gateway.py", line 1322, in __call__
    return_value = get_return_value(
        answer, self.gateway_client, self.target_id, self.name)
  File "/Users/poorvajha/Desktop/College/SEM6/Real-Time-Web-Intelligence-Platform/venv/lib/python3.13/site-packages/pyspark/errors/exceptions/captured.py", line 179, in deco
    return f(*a, **kw)
  File "/Users/poorvajha/Desktop/College/SEM6/Real-Time-Web-Intelligence-Platform/venv/lib/python3.13/site-packages/py4j/protocol.py", line 334, in get_return_value
    raise Py4JError(
        "An error occurred while calling {0}{1}{2}".
        format(target_id, ".", name))
py4j.protocol.Py4JError: An error occurred while calling o22.sc
2026-04-06 23:47:49,384 - INFO - Closing down clientserver connection
2026-04-06 23:47:49,385 - ERROR - Exception while sending command.
Traceback (most recent call last):
  File "/Users/poorvajha/Desktop/College/SEM6/Real-Time-Web-Intelligence-Platform/venv/lib/python3.13/site-packages/py4j/clientserver.py", line 511, in send_command
    answer = smart_decode(self.stream.readline()[:-1])
                          ~~~~~~~~~~~~~~~~~~~~^^
  File "/Library/Frameworks/Python.framework/Versions/3.13/lib/python3.13/socket.py", line 719, in readinto
    return self._sock.recv_into(b)
           ~~~~~~~~~~~~~~~~~~~~^^^
  File "/Users/poorvajha/Desktop/College/SEM6/Real-Time-Web-Intelligence-Platform/venv/lib/python3.13/site-packages/pyspark/context.py", line 381, in signal_handler
    self.cancelAllJobs()
    ~~~~~~~~~~~~~~~~~~^^
  File "/Users/poorvajha/Desktop/College/SEM6/Real-Time-Web-Intelligence-Platform/venv/lib/python3.13/site-packages/pyspark/context.py", line 2446, in cancelAllJobs
    self._jsc.sc().cancelAllJobs()
    ~~~~~~~~~~~~^^
  File "/Users/poorvajha/Desktop/College/SEM6/Real-Time-Web-Intelligence-Platform/venv/lib/python3.13/site-packages/py4j/java_gateway.py", line 1322, in __call__
    return_value = get_return_value(
        answer, self.gateway_client, self.target_id, self.name)
  File "/Users/poorvajha/Desktop/College/SEM6/Real-Time-Web-Intelligence-Platform/venv/lib/python3.13/site-packages/pyspark/errors/exceptions/captured.py", line 179, in deco
    return f(*a, **kw)
  File "/Users/poorvajha/Desktop/College/SEM6/Real-Time-Web-Intelligence-Platform/venv/lib/python3.13/site-packages/py4j/protocol.py", line 334, in get_return_value
    raise Py4JError(
        "An error occurred while calling {0}{1}{2}".
        format(target_id, ".", name))
py4j.protocol.Py4JError: An error occurred while calling o22.sc

During handling of the above exception, another exception occurred:

Traceback (most recent call last):
  File "/Users/poorvajha/Desktop/College/SEM6/Real-Time-Web-Intelligence-Platform/venv/lib/python3.13/site-packages/py4j/java_gateway.py", line 1038, in send_command
    response = connection.send_command(command)
  File "/Users/poorvajha/Desktop/College/SEM6/Real-Time-Web-Intelligence-Platform/venv/lib/python3.13/site-packages/py4j/clientserver.py", line 539, in send_command
    raise Py4JNetworkError(
        "Error while sending or receiving", e, proto.ERROR_ON_RECEIVE)
py4j.protocol.Py4JNetworkError: Error while sending or receiving
2026-04-06 23:47:49,386 - INFO - Closing down clientserver connection
2026-04-06 23:47:49,389 - INFO - Closing down clientserver connection
2026-04-07 07:44:49,830 - INFO - Callback Server Starting
2026-04-07 07:44:49,830 - INFO - Socket listening on ('127.0.0.1', 56637)
2026-04-07 07:44:53,046 - INFO - Closing down clientserver connection
2026-04-07 11:50:07,828 - INFO - Callback Server Starting
2026-04-07 11:50:07,828 - INFO - Socket listening on ('127.0.0.1', 54190)
2026-04-07 11:50:11,131 - INFO - Closing down clientserver connection
2026-04-07 11:51:57,659 - INFO - Callback Server Starting
2026-04-07 11:51:57,659 - INFO - Socket listening on ('127.0.0.1', 54430)
2026-04-07 11:52:00,898 - INFO - Closing down clientserver connection
2026-04-07 12:06:08,944 - INFO - Callback Server Starting
2026-04-07 12:06:08,944 - INFO - Socket listening on ('127.0.0.1', 57267)
2026-04-07 12:06:12,127 - INFO - Closing down clientserver connection
2026-04-07 12:08:17,312 - INFO - Callback Server Starting
2026-04-07 12:08:17,313 - INFO - Socket listening on ('127.0.0.1', 57579)
2026-04-07 12:08:20,517 - INFO - Closing down clientserver connection
2026-04-07 12:10:03,485 - INFO - Callback Server Starting
2026-04-07 12:10:03,485 - INFO - Socket listening on ('127.0.0.1', 57729)
2026-04-07 12:10:06,675 - INFO - Closing down clientserver connection
2026-04-07 12:10:49,129 - INFO - Callback Server Starting
2026-04-07 12:10:49,129 - INFO - Socket listening on ('127.0.0.1', 57763)
2026-04-07 12:10:51,577 - INFO - Python Server ready to receive messages
2026-04-07 12:10:51,577 - INFO - Received command c on object id p0
2026-04-07 12:10:51,578 - INFO - Processing Batch 1963
2026-04-07 12:10:58,277 - INFO - Received command c on object id p0
2026-04-07 12:10:58,278 - INFO - Processing Batch 1964
2026-04-07 12:11:04,601 - INFO - Received command c on object id p0
2026-04-07 12:11:04,602 - INFO - Processing Batch 1965
2026-04-07 12:11:18,705 - INFO - Received command c on object id p0
2026-04-07 12:11:18,707 - INFO - Processing Batch 1966
2026-04-07 12:11:30,508 - INFO - Received command c on object id p0
2026-04-07 12:11:30,515 - INFO - Processing Batch 1967
2026-04-07 12:11:34,486 - INFO - Received command c on object id p0
2026-04-07 12:11:34,486 - INFO - Processing Batch 1968
2026-04-07 12:11:37,986 - INFO - Received command c on object id p0
2026-04-07 12:11:37,987 - INFO - Processing Batch 1969
2026-04-07 12:11:42,315 - INFO - Received command c on object id p0
2026-04-07 12:11:42,316 - INFO - Processing Batch 1970
2026-04-07 12:11:48,709 - INFO - Received command c on object id p0
2026-04-07 12:11:48,711 - INFO - Processing Batch 1971
2026-04-07 12:12:01,657 - INFO - Received command c on object id p0
2026-04-07 12:12:01,659 - INFO - Processing Batch 1972
2026-04-07 12:12:02,949 - INFO - Received command c on object id p0
2026-04-07 12:12:02,950 - INFO - Processing Batch 1973
2026-04-07 12:12:07,690 - INFO - Received command c on object id p0
2026-04-07 12:12:07,691 - INFO - Processing Batch 1974
2026-04-07 12:12:14,022 - INFO - Received command c on object id p0
2026-04-07 12:12:14,022 - INFO - Processing Batch 1975
2026-04-07 12:12:18,116 - INFO - Received command c on object id p0
2026-04-07 12:12:18,118 - INFO - Processing Batch 1976
2026-04-07 12:12:21,252 - INFO - Received command c on object id p0
2026-04-07 12:12:21,253 - INFO - Processing Batch 1977
2026-04-07 12:12:33,361 - INFO - Received command c on object id p0
2026-04-07 12:12:33,364 - INFO - Processing Batch 1978
2026-04-07 12:12:37,266 - INFO - Received command c on object id p0
2026-04-07 12:12:37,267 - INFO - Processing Batch 1979
2026-04-07 12:12:48,759 - INFO - Received command c on object id p0
2026-04-07 12:12:48,762 - INFO - Processing Batch 1980
2026-04-07 12:12:53,082 - INFO - Received command c on object id p0
2026-04-07 12:12:53,083 - INFO - Processing Batch 1981
2026-04-07 12:12:56,948 - INFO - Received command c on object id p0
2026-04-07 12:12:56,949 - INFO - Processing Batch 1982
2026-04-07 12:13:00,679 - INFO - Received command c on object id p0
2026-04-07 12:13:00,680 - INFO - Processing Batch 1983
2026-04-07 12:13:04,971 - INFO - Received command c on object id p0
2026-04-07 12:13:04,972 - INFO - Processing Batch 1984
2026-04-07 12:13:09,419 - INFO - Received command c on object id p0
2026-04-07 12:13:09,420 - INFO - Processing Batch 1985
2026-04-07 12:13:18,771 - INFO - Received command c on object id p0
2026-04-07 12:13:18,773 - INFO - Processing Batch 1986
2026-04-07 12:13:31,915 - INFO - Received command c on object id p0
2026-04-07 12:13:31,916 - INFO - Processing Batch 1987
2026-04-07 12:13:36,000 - INFO - Received command c on object id p0
2026-04-07 12:13:36,001 - INFO - Processing Batch 1988
2026-04-07 12:13:39,575 - INFO - Received command c on object id p0
2026-04-07 12:13:39,576 - INFO - Processing Batch 1989
2026-04-07 12:13:48,788 - INFO - Received command c on object id p0
2026-04-07 12:13:48,794 - INFO - Processing Batch 1990
2026-04-07 12:14:03,820 - INFO - Received command c on object id p0
2026-04-07 12:14:03,821 - INFO - Processing Batch 1991
2026-04-07 12:14:07,647 - INFO - Received command c on object id p0
2026-04-07 12:14:07,648 - INFO - Processing Batch 1992
2026-04-07 12:14:12,096 - INFO - Received command c on object id p0
2026-04-07 12:14:12,097 - INFO - Processing Batch 1993
2026-04-07 12:14:16,678 - INFO - Received command c on object id p0
2026-04-07 12:14:16,680 - INFO - Processing Batch 1994
2026-04-07 12:14:20,193 - INFO - Received command c on object id p0
2026-04-07 12:14:20,195 - INFO - Processing Batch 1995
2026-04-07 12:14:33,787 - INFO - Received command c on object id p0
2026-04-07 12:14:33,788 - INFO - Processing Batch 1996
2026-04-07 12:14:40,644 - INFO - Received command c on object id p0
2026-04-07 12:14:40,646 - INFO - Processing Batch 1997
2026-04-07 12:14:45,133 - INFO - Received command c on object id p0
2026-04-07 12:14:45,134 - INFO - Processing Batch 1998
2026-04-07 12:14:48,800 - INFO - Received command c on object id p0
2026-04-07 12:14:48,802 - INFO - Processing Batch 1999
2026-04-07 12:14:52,501 - INFO - Received command c on object id p0
2026-04-07 12:14:52,502 - INFO - Processing Batch 2000
2026-04-07 12:14:56,784 - INFO - Received command c on object id p0
2026-04-07 12:14:56,785 - INFO - Processing Batch 2001
2026-04-07 12:15:03,811 - INFO - Received command c on object id p0
2026-04-07 12:15:03,813 - INFO - Processing Batch 2002
2026-04-07 12:15:07,530 - INFO - Received command c on object id p0
2026-04-07 12:15:07,531 - INFO - Processing Batch 2003
2026-04-07 12:15:12,001 - INFO - Received command c on object id p0
2026-04-07 12:15:12,002 - INFO - Processing Batch 2004
2026-04-07 12:15:16,137 - INFO - Received command c on object id p0
2026-04-07 12:15:16,138 - INFO - Processing Batch 2005
2026-04-07 12:15:18,813 - INFO - Received command c on object id p0
2026-04-07 12:15:18,815 - INFO - Processing Batch 2006
2026-04-07 12:15:27,592 - INFO - Received command c on object id p0
2026-04-07 12:15:27,593 - INFO - Processing Batch 2007
2026-04-07 12:15:32,586 - INFO - Received command c on object id p0
2026-04-07 12:15:32,586 - INFO - Processing Batch 2008
2026-04-07 12:15:37,057 - INFO - Received command c on object id p0
2026-04-07 12:15:37,058 - INFO - Processing Batch 2009
2026-04-07 12:15:43,945 - INFO - Received command c on object id p0
2026-04-07 12:15:43,946 - INFO - Processing Batch 2010
2026-04-07 12:15:47,691 - INFO - Received command c on object id p0
2026-04-07 12:15:47,692 - INFO - Processing Batch 2011
2026-04-07 12:15:50,106 - INFO - Received command c on object id p0
2026-04-07 12:15:50,106 - INFO - Processing Batch 2012
2026-04-07 12:16:03,853 - INFO - Received command c on object id p0
2026-04-07 12:16:03,854 - INFO - Processing Batch 2013
2026-04-07 12:16:07,660 - INFO - Received command c on object id p0
2026-04-07 12:16:07,660 - INFO - Processing Batch 2014
2026-04-07 12:16:11,821 - INFO - Received command c on object id p0
2026-04-07 12:16:11,822 - INFO - Processing Batch 2015
2026-04-07 12:16:15,687 - INFO - Received command c on object id p0
2026-04-07 12:16:15,687 - INFO - Processing Batch 2016
2026-04-07 12:16:19,020 - INFO - Received command c on object id p0
2026-04-07 12:16:19,020 - INFO - Processing Batch 2017
2026-04-07 12:16:33,832 - INFO - Received command c on object id p0
2026-04-07 12:16:33,834 - INFO - Processing Batch 2018
2026-04-07 12:16:45,699 - INFO - Received command c on object id p0
2026-04-07 12:16:45,700 - INFO - Processing Batch 2019
2026-04-07 12:16:49,630 - INFO - Received command c on object id p0
2026-04-07 12:16:49,631 - INFO - Processing Batch 2020
2026-04-07 12:16:53,225 - INFO - Received command c on object id p0
2026-04-07 12:16:53,226 - INFO - Processing Batch 2021
2026-04-07 12:17:03,844 - INFO - Received command c on object id p0
2026-04-07 12:17:03,845 - INFO - Processing Batch 2022
2026-04-07 12:17:11,266 - INFO - Received command c on object id p0
2026-04-07 12:17:11,267 - INFO - Processing Batch 2023
2026-04-07 12:17:12,488 - INFO - Received command c on object id p0
2026-04-07 12:17:12,489 - INFO - Processing Batch 2024
2026-04-07 12:17:18,831 - INFO - Received command c on object id p0
2026-04-07 12:17:18,832 - INFO - Processing Batch 2025
2026-04-07 12:17:22,295 - INFO - Received command c on object id p0
2026-04-07 12:17:22,295 - INFO - Processing Batch 2026
2026-04-07 12:17:26,714 - INFO - Received command c on object id p0
2026-04-07 12:17:26,715 - INFO - Processing Batch 2027
2026-04-07 12:17:30,660 - INFO - Received command c on object id p0
2026-04-07 12:17:30,661 - INFO - Processing Batch 2028
2026-04-07 12:17:33,067 - INFO - Received command c on object id p0
2026-04-07 12:17:33,068 - INFO - Processing Batch 2029
2026-04-07 12:17:36,405 - INFO - Received command c on object id p0
2026-04-07 12:17:36,406 - INFO - Processing Batch 2030
2026-04-07 12:17:48,839 - INFO - Received command c on object id p0
2026-04-07 12:17:48,840 - INFO - Processing Batch 2031
2026-04-07 12:17:52,526 - INFO - Received command c on object id p0
2026-04-07 12:17:52,527 - INFO - Processing Batch 2032
2026-04-07 12:17:55,902 - INFO - Received command c on object id p0
2026-04-07 12:17:55,903 - INFO - Processing Batch 2033
2026-04-07 12:18:03,624 - INFO - Received command c on object id p0
2026-04-07 12:18:03,624 - INFO - Processing Batch 2034
2026-04-07 12:18:07,946 - INFO - Received command c on object id p0
2026-04-07 12:18:07,947 - INFO - Processing Batch 2035
2026-04-07 12:18:11,456 - INFO - Received command c on object id p0
2026-04-07 12:18:11,457 - INFO - Processing Batch 2036
2026-04-07 12:18:14,698 - INFO - Received command c on object id p0
2026-04-07 12:18:14,699 - INFO - Processing Batch 2037
2026-04-07 12:18:15,958 - INFO - Received command c on object id p0
2026-04-07 12:18:15,959 - INFO - Processing Batch 2038
2026-04-07 12:18:19,459 - INFO - Received command c on object id p0
2026-04-07 12:18:19,460 - INFO - Processing Batch 2039
2026-04-07 12:18:24,685 - INFO - Received command c on object id p0
2026-04-07 12:18:24,686 - INFO - Processing Batch 2040
2026-04-07 12:18:28,592 - INFO - Received command c on object id p0
2026-04-07 12:18:28,593 - INFO - Processing Batch 2041
2026-04-07 12:18:33,868 - INFO - Received command c on object id p0
2026-04-07 12:18:33,869 - INFO - Processing Batch 2042
2026-04-07 12:18:41,686 - INFO - Received command c on object id p0
2026-04-07 12:18:41,687 - INFO - Processing Batch 2043
2026-04-07 12:18:45,608 - INFO - Received command c on object id p0
2026-04-07 12:18:45,609 - INFO - Processing Batch 2044
2026-04-07 12:18:49,346 - INFO - Received command c on object id p0
2026-04-07 12:18:49,346 - INFO - Processing Batch 2045
2026-04-07 12:18:56,699 - INFO - Received command c on object id p0
2026-04-07 12:18:56,700 - INFO - Processing Batch 2046
2026-04-07 12:19:00,686 - INFO - Received command c on object id p0
2026-04-07 12:19:00,686 - INFO - Processing Batch 2047
2026-04-07 12:19:03,880 - INFO - Received command c on object id p0
2026-04-07 12:19:03,881 - INFO - Processing Batch 2048
2026-04-07 12:19:16,496 - INFO - Received command c on object id p0
2026-04-07 12:19:16,497 - INFO - Processing Batch 2049
2026-04-07 12:19:17,819 - INFO - Received command c on object id p0
2026-04-07 12:19:17,820 - INFO - Processing Batch 2050
2026-04-07 12:19:21,484 - INFO - Received command c on object id p0
2026-04-07 12:19:21,485 - INFO - Processing Batch 2051
2026-04-07 12:19:24,984 - INFO - Received command c on object id p0
2026-04-07 12:19:24,985 - INFO - Processing Batch 2052
2026-04-07 12:19:28,828 - INFO - Received command c on object id p0
2026-04-07 12:19:28,829 - INFO - Processing Batch 2053
2026-04-07 12:19:33,087 - INFO - Received command c on object id p0
2026-04-07 12:19:33,088 - INFO - Processing Batch 2054
2026-04-07 12:19:34,744 - INFO - Received command c on object id p0
2026-04-07 12:19:34,745 - INFO - Processing Batch 2055
2026-04-07 12:19:48,893 - INFO - Received command c on object id p0
2026-04-07 12:19:48,894 - INFO - Processing Batch 2056
2026-04-07 12:19:59,485 - INFO - Received command c on object id p0
2026-04-07 12:19:59,486 - INFO - Processing Batch 2057
2026-04-07 12:20:03,705 - INFO - Received command c on object id p0
2026-04-07 12:20:03,706 - INFO - Processing Batch 2058
2026-04-07 12:20:08,203 - INFO - Received command c on object id p0
2026-04-07 12:20:08,204 - INFO - Processing Batch 2059
2026-04-07 12:20:18,685 - INFO - Received command c on object id p0
2026-04-07 12:20:18,686 - INFO - Processing Batch 2060
2026-04-07 12:20:19,768 - INFO - Received command c on object id p0
2026-04-07 12:20:19,769 - INFO - Processing Batch 2061
2026-04-07 12:20:32,129 - INFO - Received command c on object id p0
2026-04-07 12:20:32,130 - INFO - Processing Batch 2062
2026-04-07 12:20:35,678 - INFO - Received command c on object id p0
2026-04-07 12:20:35,679 - INFO - Processing Batch 2063
2026-04-07 12:20:39,168 - INFO - Received command c on object id p0
2026-04-07 12:20:39,169 - INFO - Processing Batch 2064
2026-04-07 12:20:43,164 - INFO - Received command c on object id p0
2026-04-07 12:20:43,165 - INFO - Processing Batch 2065
2026-04-07 12:20:48,891 - INFO - Received command c on object id p0
2026-04-07 12:20:48,892 - INFO - Processing Batch 2066
2026-04-07 12:21:03,915 - INFO - Received command c on object id p0
2026-04-07 12:21:03,917 - INFO - Processing Batch 2067
2026-04-07 12:21:07,497 - INFO - Received command c on object id p0
2026-04-07 12:21:07,498 - INFO - Processing Batch 2068
2026-04-07 12:21:15,268 - INFO - Received command c on object id p0
2026-04-07 12:21:15,269 - INFO - Processing Batch 2069
2026-04-07 12:23:42,406 - INFO - Received command c on object id p0
2026-04-07 12:23:42,408 - INFO - Processing Batch 2070
2026-04-07 12:23:55,918 - INFO - Received command c on object id p0
2026-04-07 12:23:55,919 - INFO - Processing Batch 2071
2026-04-07 12:24:10,929 - INFO - Received command c on object id p0
2026-04-07 12:24:10,936 - INFO - Processing Batch 2072
2026-04-07 12:24:25,902 - INFO - Received command c on object id p0
2026-04-07 12:24:25,903 - INFO - Processing Batch 2073
2026-04-07 12:24:29,446 - INFO - Received command c on object id p0
2026-04-07 12:24:29,447 - INFO - Processing Batch 2074
2026-04-07 12:24:40,921 - INFO - Received command c on object id p0
2026-04-07 12:24:40,923 - INFO - Processing Batch 2075
2026-04-07 12:24:44,604 - INFO - Received command c on object id p0
2026-04-07 12:24:44,605 - INFO - Processing Batch 2076
2026-04-07 12:24:55,964 - INFO - Received command c on object id p0
2026-04-07 12:24:55,969 - INFO - Processing Batch 2077
2026-04-07 12:24:59,675 - INFO - Received command c on object id p0
2026-04-07 12:24:59,675 - INFO - Processing Batch 2078
2026-04-07 12:25:03,664 - INFO - Received command c on object id p0
2026-04-07 12:25:03,664 - INFO - Processing Batch 2079
2026-04-07 12:25:10,939 - INFO - Received command c on object id p0
2026-04-07 12:25:10,940 - INFO - Processing Batch 2080
2026-04-07 12:25:25,953 - INFO - Received command c on object id p0
2026-04-07 12:25:25,954 - INFO - Processing Batch 2081
2026-04-07 12:25:31,452 - INFO - Received command c on object id p0
2026-04-07 12:25:31,453 - INFO - Processing Batch 2082
2026-04-07 12:25:35,062 - INFO - Received command c on object id p0
2026-04-07 12:25:35,063 - INFO - Processing Batch 2083
2026-04-07 12:25:40,943 - INFO - Received command c on object id p0
2026-04-07 12:25:40,945 - INFO - Processing Batch 2084
2026-04-07 12:25:44,568 - INFO - Received command c on object id p0
2026-04-07 12:25:44,569 - INFO - Processing Batch 2085
2026-04-07 12:25:45,576 - INFO - Received command c on object id p0
2026-04-07 12:25:45,577 - INFO - Processing Batch 2086
2026-04-07 12:25:55,952 - INFO - Received command c on object id p0
2026-04-07 12:25:55,953 - INFO - Processing Batch 2087
2026-04-07 12:26:03,525 - INFO - Received command c on object id p0
2026-04-07 12:26:03,526 - INFO - Processing Batch 2088
2026-04-07 12:26:07,236 - INFO - Received command c on object id p0
2026-04-07 12:26:07,237 - INFO - Processing Batch 2089
2026-04-07 12:26:10,944 - INFO - Received command c on object id p0
2026-04-07 12:26:10,945 - INFO - Processing Batch 2090
2026-04-07 12:26:25,961 - INFO - Received command c on object id p0
2026-04-07 12:26:25,962 - INFO - Processing Batch 2091
2026-04-07 12:26:36,302 - INFO - Received command c on object id p0
2026-04-07 12:26:36,303 - INFO - Processing Batch 2092
2026-04-07 12:26:40,071 - INFO - Received command c on object id p0
2026-04-07 12:26:40,072 - INFO - Processing Batch 2093
2026-04-07 12:26:41,847 - INFO - Received command c on object id p0
2026-04-07 12:26:41,848 - INFO - Processing Batch 2094
2026-04-07 12:26:45,863 - INFO - Received command c on object id p0
2026-04-07 12:26:45,864 - INFO - Processing Batch 2095
2026-04-07 12:26:47,180 - INFO - Received command c on object id p0
2026-04-07 12:26:47,180 - INFO - Processing Batch 2096
2026-04-07 12:26:55,977 - INFO - Received command c on object id p0
2026-04-07 12:26:55,978 - INFO - Processing Batch 2097
2026-04-07 12:27:08,826 - INFO - Received command c on object id p0
2026-04-07 12:27:08,827 - INFO - Processing Batch 2098
2026-04-07 12:27:12,174 - INFO - Received command c on object id p0
2026-04-07 12:27:12,175 - INFO - Processing Batch 2099
2026-04-07 12:27:25,991 - INFO - Received command c on object id p0
2026-04-07 12:27:25,992 - INFO - Processing Batch 2100
2026-04-07 12:27:40,814 - INFO - Received command c on object id p0
2026-04-07 12:27:40,817 - INFO - Processing Batch 2101
2026-04-07 12:27:44,710 - INFO - Received command c on object id p0
2026-04-07 12:27:44,711 - INFO - Processing Batch 2102
2026-04-07 12:27:48,288 - INFO - Received command c on object id p0
2026-04-07 12:27:48,289 - INFO - Processing Batch 2103
2026-04-07 12:27:51,604 - INFO - Received command c on object id p0
2026-04-07 12:27:51,605 - INFO - Processing Batch 2104
2026-04-07 12:27:55,995 - INFO - Received command c on object id p0
2026-04-07 12:27:55,996 - INFO - Processing Batch 2105
2026-04-07 12:28:11,019 - INFO - Received command c on object id p0
2026-04-07 12:28:11,023 - INFO - Processing Batch 2106
2026-04-07 12:28:14,783 - INFO - Received command c on object id p0
2026-04-07 12:28:14,784 - INFO - Processing Batch 2107
2026-04-07 12:28:26,017 - INFO - Received command c on object id p0
2026-04-07 12:28:26,018 - INFO - Processing Batch 2108
2026-04-07 12:28:41,005 - INFO - Received command c on object id p0
2026-04-07 12:28:41,006 - INFO - Processing Batch 2109
2026-04-07 12:28:45,283 - INFO - Received command c on object id p0
2026-04-07 12:28:45,283 - INFO - Processing Batch 2110
2026-04-07 12:28:49,164 - INFO - Received command c on object id p0
2026-04-07 12:28:49,165 - INFO - Processing Batch 2111
2026-04-07 12:28:50,894 - INFO - Received command c on object id p0
2026-04-07 12:28:50,895 - INFO - Processing Batch 2112
2026-04-07 12:28:56,016 - INFO - Received command c on object id p0
2026-04-07 12:28:56,017 - INFO - Processing Batch 2113
2026-04-07 12:29:11,016 - INFO - Received command c on object id p0
2026-04-07 12:29:11,018 - INFO - Processing Batch 2114
2026-04-07 12:29:17,804 - INFO - Received command c on object id p0
2026-04-07 12:29:17,805 - INFO - Processing Batch 2115
2026-04-07 12:29:21,516 - INFO - Received command c on object id p0
2026-04-07 12:29:21,517 - INFO - Processing Batch 2116
2026-04-07 12:29:26,035 - INFO - Received command c on object id p0
2026-04-07 12:29:26,036 - INFO - Processing Batch 2117
2026-04-07 12:29:41,061 - INFO - Received command c on object id p0
2026-04-07 12:29:41,063 - INFO - Processing Batch 2118
2026-04-07 12:29:49,302 - INFO - Received command c on object id p0
2026-04-07 12:29:49,303 - INFO - Processing Batch 2119
2026-04-07 12:29:52,980 - INFO - Received command c on object id p0
2026-04-07 12:29:52,980 - INFO - Processing Batch 2120
2026-04-07 12:29:56,731 - INFO - Received command c on object id p0
2026-04-07 12:29:56,732 - INFO - Processing Batch 2121
2026-04-07 12:30:11,037 - INFO - Received command c on object id p0
2026-04-07 12:30:11,038 - INFO - Processing Batch 2122
2026-04-07 12:30:20,954 - INFO - Received command c on object id p0
2026-04-07 12:30:20,955 - INFO - Processing Batch 2123
2026-04-07 12:30:25,168 - INFO - Received command c on object id p0
2026-04-07 12:30:25,169 - INFO - Processing Batch 2124
2026-04-07 12:30:26,883 - INFO - Received command c on object id p0
2026-04-07 12:30:26,884 - INFO - Processing Batch 2125
2026-04-07 12:30:41,046 - INFO - Received command c on object id p0
2026-04-07 12:30:41,047 - INFO - Processing Batch 2126
2026-04-07 12:30:53,303 - INFO - Received command c on object id p0
2026-04-07 12:30:53,304 - INFO - Processing Batch 2127
2026-04-07 12:30:57,405 - INFO - Received command c on object id p0
2026-04-07 12:30:57,406 - INFO - Processing Batch 2128
2026-04-07 12:31:11,067 - INFO - Received command c on object id p0
2026-04-07 12:31:11,068 - INFO - Processing Batch 2129
2026-04-07 12:31:24,646 - INFO - Received command c on object id p0
2026-04-07 12:31:24,647 - INFO - Processing Batch 2130
2026-04-07 12:31:28,471 - INFO - Received command c on object id p0
2026-04-07 12:31:28,472 - INFO - Processing Batch 2131
2026-04-07 12:31:41,064 - INFO - Received command c on object id p0
2026-04-07 12:31:41,065 - INFO - Processing Batch 2132
2026-04-07 12:31:55,496 - INFO - Received command c on object id p0
2026-04-07 12:31:55,498 - INFO - Processing Batch 2133
2026-04-07 12:31:56,778 - INFO - Received command c on object id p0
2026-04-07 12:31:56,779 - INFO - Processing Batch 2134
2026-04-07 12:32:00,689 - INFO - Received command c on object id p0
2026-04-07 12:32:00,690 - INFO - Processing Batch 2135
2026-04-07 12:32:11,067 - INFO - Received command c on object id p0
2026-04-07 12:32:11,068 - INFO - Processing Batch 2136
2026-04-07 12:32:26,078 - INFO - Received command c on object id p0
2026-04-07 12:32:26,079 - INFO - Processing Batch 2137
2026-04-07 12:32:29,706 - INFO - Received command c on object id p0
2026-04-07 12:32:29,707 - INFO - Processing Batch 2138
2026-04-07 12:32:41,073 - INFO - Received command c on object id p0
2026-04-07 12:32:41,074 - INFO - Processing Batch 2139
2026-04-07 12:32:56,096 - INFO - Received command c on object id p0
2026-04-07 12:32:56,097 - INFO - Processing Batch 2140
2026-04-07 12:32:59,648 - INFO - Received command c on object id p0
2026-04-07 12:32:59,648 - INFO - Processing Batch 2141
2026-04-07 12:33:03,981 - INFO - Received command c on object id p0
2026-04-07 12:33:03,982 - INFO - Processing Batch 2142
2026-04-07 12:33:11,116 - INFO - Received command c on object id p0
2026-04-07 12:33:11,121 - INFO - Processing Batch 2143
2026-04-07 12:33:26,116 - INFO - Received command c on object id p0
2026-04-07 12:33:26,117 - INFO - Processing Batch 2144
2026-04-07 12:33:31,934 - INFO - Received command c on object id p0
2026-04-07 12:33:31,935 - INFO - Processing Batch 2145
2026-04-07 12:33:36,052 - INFO - Received command c on object id p0
2026-04-07 12:33:36,053 - INFO - Processing Batch 2146
2026-04-07 12:33:41,091 - INFO - Received command c on object id p0
2026-04-07 12:33:41,091 - INFO - Processing Batch 2147
2026-04-07 12:33:56,115 - INFO - Received command c on object id p0
2026-04-07 12:33:56,119 - INFO - Processing Batch 2148
2026-04-07 12:33:59,668 - INFO - Received command c on object id p0
2026-04-07 12:33:59,669 - INFO - Processing Batch 2149
2026-04-07 12:34:02,995 - INFO - Received command c on object id p0
2026-04-07 12:34:02,996 - INFO - Processing Batch 2150
2026-04-07 12:34:05,346 - INFO - Received command c on object id p0
2026-04-07 12:34:05,347 - INFO - Processing Batch 2151
2026-04-07 12:34:11,121 - INFO - Received command c on object id p0
2026-04-07 12:34:11,122 - INFO - Processing Batch 2152
2026-04-07 12:34:26,121 - INFO - Received command c on object id p0
2026-04-07 12:34:26,122 - INFO - Processing Batch 2153
2026-04-07 12:34:34,937 - INFO - Received command c on object id p0
2026-04-07 12:34:34,938 - INFO - Processing Batch 2154
2026-04-07 12:34:39,107 - INFO - Received command c on object id p0
2026-04-07 12:34:39,108 - INFO - Processing Batch 2155
2026-04-07 12:34:41,112 - INFO - Received command c on object id p0
2026-04-07 12:34:41,113 - INFO - Processing Batch 2156
2026-04-07 12:34:56,129 - INFO - Received command c on object id p0
2026-04-07 12:34:56,130 - INFO - Processing Batch 2157
2026-04-07 12:35:00,907 - INFO - Received command c on object id p0
2026-04-07 12:35:00,908 - INFO - Processing Batch 2158
2026-04-07 12:35:02,151 - INFO - Received command c on object id p0
2026-04-07 12:35:02,152 - INFO - Processing Batch 2159
2026-04-07 12:35:06,557 - INFO - Received command c on object id p0
2026-04-07 12:35:06,557 - INFO - Processing Batch 2160
2026-04-07 12:35:10,317 - INFO - Received command c on object id p0
2026-04-07 12:35:10,318 - INFO - Processing Batch 2161
2026-04-07 12:35:11,989 - INFO - Received command c on object id p0
2026-04-07 12:35:11,990 - INFO - Processing Batch 2162
2026-04-07 12:35:26,154 - INFO - Received command c on object id p0
2026-04-07 12:35:26,155 - INFO - Processing Batch 2163
2026-04-07 12:35:38,202 - INFO - Received command c on object id p0
2026-04-07 12:35:38,203 - INFO - Processing Batch 2164
2026-04-07 12:35:42,393 - INFO - Received command c on object id p0
2026-04-07 12:35:42,394 - INFO - Processing Batch 2165
2026-04-07 12:35:56,165 - INFO - Received command c on object id p0
2026-04-07 12:35:56,166 - INFO - Processing Batch 2166
2026-04-07 12:36:04,183 - INFO - Received command c on object id p0
2026-04-07 12:36:04,184 - INFO - Processing Batch 2167
2026-04-07 12:36:05,293 - INFO - Received command c on object id p0
2026-04-07 12:36:05,293 - INFO - Processing Batch 2168
2026-04-07 12:36:09,787 - INFO - Received command c on object id p0
2026-04-07 12:36:09,788 - INFO - Processing Batch 2169
2026-04-07 12:36:13,915 - INFO - Received command c on object id p0
2026-04-07 12:36:13,916 - INFO - Processing Batch 2170
2026-04-07 12:36:26,172 - INFO - Received command c on object id p0
2026-04-07 12:36:26,174 - INFO - Processing Batch 2171
2026-04-07 12:36:41,027 - INFO - Received command c on object id p0
2026-04-07 12:36:41,028 - INFO - Processing Batch 2172
2026-04-07 12:36:44,864 - INFO - Received command c on object id p0
2026-04-07 12:36:44,865 - INFO - Processing Batch 2173
2026-04-07 12:36:56,172 - INFO - Received command c on object id p0
2026-04-07 12:36:56,173 - INFO - Processing Batch 2174
2026-04-07 12:37:06,222 - INFO - Received command c on object id p0
2026-04-07 12:37:06,223 - INFO - Processing Batch 2175
2026-04-07 12:37:07,681 - INFO - Received command c on object id p0
2026-04-07 12:37:07,682 - INFO - Processing Batch 2176
2026-04-07 12:37:11,310 - INFO - Received command c on object id p0
2026-04-07 12:37:11,311 - INFO - Processing Batch 2177
2026-04-07 12:37:14,981 - INFO - Received command c on object id p0
2026-04-07 12:37:14,982 - INFO - Processing Batch 2178
2026-04-07 12:37:26,203 - INFO - Received command c on object id p0
2026-04-07 12:37:26,208 - INFO - Processing Batch 2179
2026-04-07 12:37:41,179 - INFO - Received command c on object id p0
2026-04-07 12:37:41,183 - INFO - Processing Batch 2180
2026-04-07 12:37:44,851 - INFO - Received command c on object id p0
2026-04-07 12:37:44,852 - INFO - Processing Batch 2181
2026-04-07 12:37:48,795 - INFO - Received command c on object id p0
2026-04-07 12:37:48,796 - INFO - Processing Batch 2182
2026-04-07 12:37:56,204 - INFO - Received command c on object id p0
2026-04-07 12:37:56,206 - INFO - Processing Batch 2183
2026-04-07 12:38:08,239 - INFO - Received command c on object id p0
2026-04-07 12:38:08,244 - INFO - Processing Batch 2184
2026-04-07 12:38:09,655 - INFO - Received command c on object id p0
2026-04-07 12:38:09,656 - INFO - Processing Batch 2185
2026-04-07 12:38:13,428 - INFO - Received command c on object id p0
2026-04-07 12:38:13,428 - INFO - Processing Batch 2186
2026-04-07 12:38:17,061 - INFO - Received command c on object id p0
2026-04-07 12:38:17,062 - INFO - Processing Batch 2187
2026-04-07 12:38:21,248 - INFO - Received command c on object id p0
2026-04-07 12:38:21,249 - INFO - Processing Batch 2188
2026-04-07 12:38:26,197 - INFO - Received command c on object id p0
2026-04-07 12:38:26,198 - INFO - Processing Batch 2189
2026-04-07 12:38:41,244 - INFO - Received command c on object id p0
2026-04-07 12:38:41,249 - INFO - Processing Batch 2190
2026-04-07 12:38:48,362 - INFO - Received command c on object id p0
2026-04-07 12:38:48,363 - INFO - Processing Batch 2191
2026-04-07 12:38:52,348 - INFO - Received command c on object id p0
2026-04-07 12:38:52,349 - INFO - Processing Batch 2192
2026-04-07 12:38:56,233 - INFO - Received command c on object id p0
2026-04-07 12:38:56,234 - INFO - Processing Batch 2193
2026-04-07 12:39:10,211 - INFO - Received command c on object id p0
2026-04-07 12:39:10,213 - INFO - Processing Batch 2194
2026-04-07 12:39:11,732 - INFO - Received command c on object id p0
2026-04-07 12:39:11,732 - INFO - Processing Batch 2195
2026-04-07 12:39:20,931 - INFO - Received command c on object id p0
2026-04-07 12:39:20,932 - INFO - Processing Batch 2196
2026-04-07 12:39:24,805 - INFO - Received command c on object id p0
2026-04-07 12:39:24,806 - INFO - Processing Batch 2197
2026-04-07 12:39:26,518 - INFO - Received command c on object id p0
2026-04-07 12:39:26,518 - INFO - Processing Batch 2198
2026-04-07 12:39:41,243 - INFO - Received command c on object id p0
2026-04-07 12:39:41,244 - INFO - Processing Batch 2199
2026-04-07 12:39:52,880 - INFO - Received command c on object id p0
2026-04-07 12:39:52,881 - INFO - Processing Batch 2200
2026-04-07 12:39:56,865 - INFO - Received command c on object id p0
2026-04-07 12:39:56,866 - INFO - Processing Batch 2201
2026-04-07 12:40:11,243 - INFO - Received command c on object id p0
2026-04-07 12:40:11,245 - INFO - Processing Batch 2202
2026-04-07 12:40:15,011 - INFO - Received command c on object id p0
2026-04-07 12:40:15,012 - INFO - Processing Batch 2203
2026-04-07 12:40:24,827 - INFO - Received command c on object id p0
2026-04-07 12:40:24,829 - INFO - Processing Batch 2204
2026-04-07 12:40:28,994 - INFO - Received command c on object id p0
2026-04-07 12:40:28,995 - INFO - Processing Batch 2205
2026-04-07 12:40:41,260 - INFO - Received command c on object id p0
2026-04-07 12:40:41,261 - INFO - Processing Batch 2206
2026-04-07 12:40:56,273 - INFO - Received command c on object id p0
2026-04-07 12:40:56,274 - INFO - Processing Batch 2207
2026-04-07 12:40:59,881 - INFO - Received command c on object id p0
2026-04-07 12:40:59,882 - INFO - Processing Batch 2208
2026-04-07 12:41:11,256 - INFO - Received command c on object id p0
2026-04-07 12:41:11,258 - INFO - Processing Batch 2209
2026-04-07 12:41:14,859 - INFO - Received command c on object id p0
2026-04-07 12:41:14,860 - INFO - Processing Batch 2210
2026-04-07 12:41:26,290 - INFO - Received command c on object id p0
2026-04-07 12:41:26,291 - INFO - Processing Batch 2211
2026-04-07 12:41:29,891 - INFO - Received command c on object id p0
2026-04-07 12:41:29,892 - INFO - Processing Batch 2212
2026-04-07 12:41:41,277 - INFO - Received command c on object id p0
2026-04-07 12:41:41,278 - INFO - Processing Batch 2213
2026-04-07 12:41:56,300 - INFO - Received command c on object id p0
2026-04-07 12:41:56,301 - INFO - Processing Batch 2214
2026-04-07 12:41:59,954 - INFO - Received command c on object id p0
2026-04-07 12:41:59,955 - INFO - Processing Batch 2215
2026-04-07 12:42:03,649 - INFO - Received command c on object id p0
2026-04-07 12:42:03,650 - INFO - Processing Batch 2216
2026-04-07 12:42:11,291 - INFO - Received command c on object id p0
2026-04-07 12:42:11,293 - INFO - Processing Batch 2217
2026-04-07 12:42:15,879 - INFO - Received command c on object id p0
2026-04-07 12:42:15,880 - INFO - Processing Batch 2218
2026-04-07 12:42:17,098 - INFO - Received command c on object id p0
2026-04-07 12:42:17,099 - INFO - Processing Batch 2219
2026-04-07 12:42:26,312 - INFO - Received command c on object id p0
2026-04-07 12:42:26,313 - INFO - Processing Batch 2220
2026-04-07 12:42:31,079 - INFO - Received command c on object id p0
2026-04-07 12:42:31,080 - INFO - Processing Batch 2221
2026-04-07 12:42:35,273 - INFO - Received command c on object id p0
2026-04-07 12:42:35,274 - INFO - Processing Batch 2222
2026-04-07 12:42:41,296 - INFO - Received command c on object id p0
2026-04-07 12:42:41,297 - INFO - Processing Batch 2223
2026-04-07 12:42:56,317 - INFO - Received command c on object id p0
2026-04-07 12:42:56,318 - INFO - Processing Batch 2224
2026-04-07 12:43:02,478 - INFO - Received command c on object id p0
2026-04-07 12:43:02,479 - INFO - Processing Batch 2225
2026-04-07 12:43:06,195 - INFO - Received command c on object id p0
2026-04-07 12:43:06,196 - INFO - Processing Batch 2226
2026-04-07 12:43:11,317 - INFO - Received command c on object id p0
2026-04-07 12:43:11,320 - INFO - Processing Batch 2227
2026-04-07 12:43:17,466 - INFO - Received command c on object id p0
2026-04-07 12:43:17,467 - INFO - Processing Batch 2228
2026-04-07 12:43:18,535 - INFO - Received command c on object id p0
2026-04-07 12:43:18,536 - INFO - Processing Batch 2229
2026-04-07 12:43:26,330 - INFO - Received command c on object id p0
2026-04-07 12:43:26,332 - INFO - Processing Batch 2230
2026-04-07 12:43:34,055 - INFO - Received command c on object id p0
2026-04-07 12:43:34,056 - INFO - Processing Batch 2231
2026-04-07 12:43:37,780 - INFO - Received command c on object id p0
2026-04-07 12:43:37,781 - INFO - Processing Batch 2232
2026-04-07 12:43:41,329 - INFO - Received command c on object id p0
2026-04-07 12:43:41,330 - INFO - Processing Batch 2233
2026-04-07 12:43:56,392 - INFO - Received command c on object id p0
2026-04-07 12:43:56,395 - INFO - Processing Batch 2234
2026-04-07 12:44:05,775 - INFO - Received command c on object id p0
2026-04-07 12:44:05,776 - INFO - Processing Batch 2235
2026-04-07 12:44:09,865 - INFO - Received command c on object id p0
2026-04-07 12:44:09,866 - INFO - Processing Batch 2236
2026-04-07 12:44:12,110 - INFO - Received command c on object id p0
2026-04-07 12:44:12,111 - INFO - Processing Batch 2237
2026-04-07 12:44:19,103 - INFO - Received command c on object id p0
2026-04-07 12:44:19,105 - INFO - Processing Batch 2238
2026-04-07 12:44:20,607 - INFO - Received command c on object id p0
2026-04-07 12:44:20,609 - INFO - Processing Batch 2239
2026-04-07 12:44:26,354 - INFO - Received command c on object id p0
2026-04-07 12:44:26,355 - INFO - Processing Batch 2240
2026-04-07 12:44:37,979 - INFO - Received command c on object id p0
2026-04-07 12:44:37,981 - INFO - Processing Batch 2241
2026-04-07 12:44:41,988 - INFO - Received command c on object id p0
2026-04-07 12:44:41,989 - INFO - Processing Batch 2242
2026-04-07 12:44:56,359 - INFO - Received command c on object id p0
2026-04-07 12:44:56,361 - INFO - Processing Batch 2243
2026-04-07 12:45:09,829 - INFO - Received command c on object id p0
2026-04-07 12:45:09,830 - INFO - Processing Batch 2244
2026-04-07 12:45:14,009 - INFO - Received command c on object id p0
2026-04-07 12:45:14,011 - INFO - Processing Batch 2245
2026-04-07 12:45:20,952 - INFO - Received command c on object id p0
2026-04-07 12:45:20,954 - INFO - Processing Batch 2246
2026-04-07 12:45:22,332 - INFO - Received command c on object id p0
2026-04-07 12:45:22,333 - INFO - Processing Batch 2247
2026-04-07 12:45:26,464 - INFO - Received command c on object id p0
2026-04-07 12:45:26,465 - INFO - Processing Batch 2248
2026-04-07 12:45:41,401 - INFO - Received command c on object id p0
2026-04-07 12:45:41,404 - INFO - Processing Batch 2249
2026-04-07 12:45:45,194 - INFO - Received command c on object id p0
2026-04-07 12:45:45,196 - INFO - Processing Batch 2250
2026-04-07 12:45:56,400 - INFO - Received command c on object id p0
2026-04-07 12:45:56,404 - INFO - Processing Batch 2251
2026-04-07 12:46:11,409 - INFO - Received command c on object id p0
2026-04-07 12:46:11,411 - INFO - Processing Batch 2252
2026-04-07 12:46:15,229 - INFO - Received command c on object id p0
2026-04-07 12:46:15,231 - INFO - Processing Batch 2253
2026-04-07 12:46:22,740 - INFO - Received command c on object id p0
2026-04-07 12:46:22,742 - INFO - Processing Batch 2254
2026-04-07 12:46:24,112 - INFO - Received command c on object id p0
2026-04-07 12:46:24,113 - INFO - Processing Batch 2255
2026-04-07 12:46:27,995 - INFO - Received command c on object id p0
2026-04-07 12:46:27,997 - INFO - Processing Batch 2256
2026-04-07 12:46:41,432 - INFO - Received command c on object id p0
2026-04-07 12:46:41,434 - INFO - Processing Batch 2257
2026-04-07 12:46:45,147 - INFO - Received command c on object id p0
2026-04-07 12:46:45,148 - INFO - Processing Batch 2258
2026-04-07 12:46:49,621 - INFO - Received command c on object id p0
2026-04-07 12:46:49,623 - INFO - Processing Batch 2259
2026-04-07 12:46:56,439 - INFO - Received command c on object id p0
2026-04-07 12:46:56,441 - INFO - Processing Batch 2260
2026-04-07 12:47:11,424 - INFO - Received command c on object id p0
2026-04-07 12:47:11,426 - INFO - Processing Batch 2261
2026-04-07 12:47:15,980 - INFO - Received command c on object id p0
2026-04-07 12:47:15,982 - INFO - Processing Batch 2262
2026-04-07 12:47:20,247 - INFO - Received command c on object id p0
2026-04-07 12:47:20,248 - INFO - Processing Batch 2263
2026-04-07 12:47:24,306 - INFO - Received command c on object id p0
2026-04-07 12:47:24,308 - INFO - Processing Batch 2264
2026-04-07 12:47:25,673 - INFO - Received command c on object id p0
2026-04-07 12:47:25,675 - INFO - Processing Batch 2265
2026-04-07 12:47:29,674 - INFO - Received command c on object id p0
2026-04-07 12:47:29,676 - INFO - Processing Batch 2266
2026-04-07 12:47:41,424 - INFO - Received command c on object id p0
2026-04-07 12:47:41,426 - INFO - Processing Batch 2267
2026-04-07 12:47:47,829 - INFO - Received command c on object id p0
2026-04-07 12:47:47,830 - INFO - Processing Batch 2268
2026-04-07 12:47:52,184 - INFO - Received command c on object id p0
2026-04-07 12:47:52,185 - INFO - Processing Batch 2269
2026-04-07 12:47:56,432 - INFO - Received command c on object id p0
2026-04-07 12:47:56,434 - INFO - Processing Batch 2270
2026-04-07 12:48:11,462 - INFO - Received command c on object id p0
2026-04-07 12:48:11,464 - INFO - Processing Batch 2271
2026-04-07 12:48:19,456 - INFO - Received command c on object id p0
2026-04-07 12:48:19,458 - INFO - Processing Batch 2272
2026-04-07 12:48:23,815 - INFO - Received command c on object id p0
2026-04-07 12:48:23,816 - INFO - Processing Batch 2273
2026-04-07 12:48:26,428 - INFO - Received command c on object id p0
2026-04-07 12:48:26,429 - INFO - Processing Batch 2274
2026-04-07 12:48:30,070 - INFO - Received command c on object id p0
2026-04-07 12:48:30,072 - INFO - Processing Batch 2275
2026-04-07 12:48:41,459 - INFO - Received command c on object id p0
2026-04-07 12:48:41,461 - INFO - Processing Batch 2276
2026-04-07 12:48:51,665 - INFO - Received command c on object id p0
2026-04-07 12:48:51,669 - INFO - Processing Batch 2277
2026-04-07 12:48:56,183 - INFO - Received command c on object id p0
2026-04-07 12:48:56,185 - INFO - Processing Batch 2278
2026-04-07 12:51:35,194 - INFO - Received command c on object id p0
2026-04-07 12:51:35,196 - INFO - Processing Batch 2279
2026-04-07 12:51:45,424 - INFO - Received command c on object id p0
2026-04-07 12:51:45,426 - INFO - Processing Batch 2280
2026-04-07 12:52:00,426 - INFO - Received command c on object id p0
2026-04-07 12:52:00,429 - INFO - Processing Batch 2281
2026-04-07 12:52:15,502 - INFO - Received command c on object id p0
2026-04-07 12:52:15,504 - INFO - Processing Batch 2282
2026-04-07 12:52:30,477 - INFO - Received command c on object id p0
2026-04-07 12:52:30,478 - INFO - Processing Batch 2283
2026-04-07 12:52:45,463 - INFO - Received command c on object id p0
2026-04-07 12:52:45,466 - INFO - Processing Batch 2284
2026-04-07 12:52:53,403 - INFO - Received command c on object id p0
2026-04-07 12:52:53,405 - INFO - Processing Batch 2285
2026-04-07 12:52:57,935 - INFO - Received command c on object id p0
2026-04-07 12:52:57,937 - INFO - Processing Batch 2286
2026-04-07 12:53:00,542 - INFO - Received command c on object id p0
2026-04-07 12:53:00,543 - INFO - Processing Batch 2287
2026-04-07 12:53:15,465 - INFO - Received command c on object id p0
2026-04-07 12:53:15,467 - INFO - Processing Batch 2288
2026-04-07 12:53:30,458 - INFO - Received command c on object id p0
2026-04-07 12:53:30,460 - INFO - Processing Batch 2289
2026-04-07 12:53:45,469 - INFO - Received command c on object id p0
2026-04-07 12:53:45,471 - INFO - Processing Batch 2290
2026-04-07 12:54:00,466 - INFO - Received command c on object id p0
2026-04-07 12:54:00,467 - INFO - Processing Batch 2291
2026-04-07 12:54:15,468 - INFO - Received command c on object id p0
2026-04-07 12:54:15,470 - INFO - Processing Batch 2292
2026-04-07 12:54:25,280 - INFO - Received command c on object id p0
2026-04-07 12:54:25,281 - INFO - Processing Batch 2293
2026-04-07 12:54:29,963 - INFO - Received command c on object id p0
2026-04-07 12:54:29,966 - INFO - Processing Batch 2294
2026-04-07 12:54:32,004 - INFO - Received command c on object id p0
2026-04-07 12:54:32,005 - INFO - Processing Batch 2295
2026-04-07 12:54:35,779 - INFO - Received command c on object id p0
2026-04-07 12:54:35,781 - INFO - Processing Batch 2296
2026-04-07 12:54:45,482 - INFO - Received command c on object id p0
2026-04-07 12:54:45,484 - INFO - Processing Batch 2297
2026-04-07 12:54:58,320 - INFO - Received command c on object id p0
2026-04-07 12:54:58,322 - INFO - Processing Batch 2298
2026-04-07 12:55:02,357 - INFO - Received command c on object id p0
2026-04-07 12:55:02,359 - INFO - Processing Batch 2299
2026-04-07 12:55:15,481 - INFO - Received command c on object id p0
2026-04-07 12:55:15,483 - INFO - Processing Batch 2300
2026-04-07 12:55:30,481 - INFO - Received command c on object id p0
2026-04-07 12:55:30,483 - INFO - Processing Batch 2301
2026-04-07 12:55:34,145 - INFO - Received command c on object id p0
2026-04-07 12:55:34,147 - INFO - Processing Batch 2302
2026-04-07 12:55:45,499 - INFO - Received command c on object id p0
2026-04-07 12:55:45,501 - INFO - Processing Batch 2303
2026-04-07 12:56:00,489 - INFO - Received command c on object id p0
2026-04-07 12:56:00,490 - INFO - Processing Batch 2304
2026-04-07 12:56:15,496 - INFO - Received command c on object id p0
2026-04-07 12:56:15,498 - INFO - Processing Batch 2305
2026-04-07 12:56:30,516 - INFO - Received command c on object id p0
2026-04-07 12:56:30,517 - INFO - Processing Batch 2306
2026-04-07 12:56:45,515 - INFO - Received command c on object id p0
2026-04-07 12:56:45,517 - INFO - Processing Batch 2307
2026-04-07 12:57:00,508 - INFO - Received command c on object id p0
2026-04-07 12:57:00,510 - INFO - Processing Batch 2308
2026-04-07 12:57:15,523 - INFO - Received command c on object id p0
2026-04-07 12:57:15,525 - INFO - Processing Batch 2309
2026-04-07 12:57:30,524 - INFO - Received command c on object id p0
2026-04-07 12:57:30,527 - INFO - Processing Batch 2310
2026-04-07 12:57:45,524 - INFO - Received command c on object id p0
2026-04-07 12:57:45,525 - INFO - Processing Batch 2311
2026-04-07 12:58:00,533 - INFO - Received command c on object id p0
2026-04-07 12:58:00,535 - INFO - Processing Batch 2312
2026-04-07 12:58:15,538 - INFO - Received command c on object id p0
2026-04-07 12:58:15,541 - INFO - Processing Batch 2313
2026-04-07 12:58:30,535 - INFO - Received command c on object id p0
2026-04-07 12:58:30,536 - INFO - Processing Batch 2314
2026-04-07 12:58:45,537 - INFO - Received command c on object id p0
2026-04-07 12:58:45,539 - INFO - Processing Batch 2315
2026-04-07 12:59:00,559 - INFO - Received command c on object id p0
2026-04-07 12:59:00,561 - INFO - Processing Batch 2316
2026-04-07 12:59:15,550 - INFO - Received command c on object id p0
2026-04-07 12:59:15,552 - INFO - Processing Batch 2317
2026-04-07 12:59:30,556 - INFO - Received command c on object id p0
2026-04-07 12:59:30,557 - INFO - Processing Batch 2318
2026-04-07 12:59:45,564 - INFO - Received command c on object id p0
2026-04-07 12:59:45,566 - INFO - Processing Batch 2319
2026-04-07 13:00:00,576 - INFO - Received command c on object id p0
2026-04-07 13:00:00,577 - INFO - Processing Batch 2320
2026-04-07 13:00:15,574 - INFO - Received command c on object id p0
2026-04-07 13:00:15,575 - INFO - Processing Batch 2321
2026-04-07 13:00:30,585 - INFO - Received command c on object id p0
2026-04-07 13:00:30,587 - INFO - Processing Batch 2322
2026-04-07 13:00:45,581 - INFO - Received command c on object id p0
2026-04-07 13:00:45,582 - INFO - Processing Batch 2323
2026-04-07 13:01:00,605 - INFO - Received command c on object id p0
2026-04-07 13:01:00,607 - INFO - Processing Batch 2324
2026-04-07 13:01:15,587 - INFO - Received command c on object id p0
2026-04-07 13:01:15,589 - INFO - Processing Batch 2325
2026-04-07 13:01:30,605 - INFO - Received command c on object id p0
2026-04-07 13:01:30,607 - INFO - Processing Batch 2326
2026-04-07 13:01:45,606 - INFO - Received command c on object id p0
2026-04-07 13:01:45,608 - INFO - Processing Batch 2327
2026-04-07 13:02:00,602 - INFO - Received command c on object id p0
2026-04-07 13:02:00,604 - INFO - Processing Batch 2328
2026-04-07 13:02:15,615 - INFO - Received command c on object id p0
2026-04-07 13:02:15,617 - INFO - Processing Batch 2329
2026-04-07 13:02:30,630 - INFO - Received command c on object id p0
2026-04-07 13:02:30,632 - INFO - Processing Batch 2330
2026-04-07 13:02:45,628 - INFO - Received command c on object id p0
2026-04-07 13:02:45,629 - INFO - Processing Batch 2331
2026-04-07 13:03:00,634 - INFO - Received command c on object id p0
2026-04-07 13:03:00,636 - INFO - Processing Batch 2332
2026-04-07 13:03:15,641 - INFO - Received command c on object id p0
2026-04-07 13:03:15,642 - INFO - Processing Batch 2333
2026-04-07 13:03:30,639 - INFO - Received command c on object id p0
2026-04-07 13:03:30,642 - INFO - Processing Batch 2334
2026-04-07 13:03:45,638 - INFO - Received command c on object id p0
2026-04-07 13:03:45,640 - INFO - Processing Batch 2335
2026-04-07 13:04:00,641 - INFO - Received command c on object id p0
2026-04-07 13:04:00,643 - INFO - Processing Batch 2336
2026-04-07 13:04:15,657 - INFO - Received command c on object id p0
2026-04-07 13:04:15,659 - INFO - Processing Batch 2337
2026-04-07 13:04:30,657 - INFO - Received command c on object id p0
2026-04-07 13:04:30,659 - INFO - Processing Batch 2338
2026-04-07 13:04:45,660 - INFO - Received command c on object id p0
2026-04-07 13:04:45,663 - INFO - Processing Batch 2339
2026-04-07 13:05:00,660 - INFO - Received command c on object id p0
2026-04-07 13:05:00,661 - INFO - Processing Batch 2340
2026-04-07 13:05:15,667 - INFO - Received command c on object id p0
2026-04-07 13:05:15,669 - INFO - Processing Batch 2341
2026-04-07 13:05:30,658 - INFO - Received command c on object id p0
2026-04-07 13:05:30,661 - INFO - Processing Batch 2342
2026-04-07 13:05:45,708 - INFO - Received command c on object id p0
2026-04-07 13:05:45,710 - INFO - Processing Batch 2343
2026-04-07 13:06:00,745 - INFO - Received command c on object id p0
2026-04-07 13:06:00,750 - INFO - Processing Batch 2344
2026-04-07 13:06:15,693 - INFO - Received command c on object id p0
2026-04-07 13:06:15,695 - INFO - Processing Batch 2345
2026-04-07 13:06:30,709 - INFO - Received command c on object id p0
2026-04-07 13:06:30,711 - INFO - Processing Batch 2346
2026-04-07 13:06:45,736 - INFO - Received command c on object id p0
2026-04-07 13:06:45,745 - INFO - Processing Batch 2347
2026-04-07 13:07:00,750 - INFO - Received command c on object id p0
2026-04-07 13:07:00,753 - INFO - Processing Batch 2348
2026-04-07 13:07:15,720 - INFO - Received command c on object id p0
2026-04-07 13:07:15,724 - INFO - Processing Batch 2349
2026-04-07 13:07:30,732 - INFO - Received command c on object id p0
2026-04-07 13:07:30,734 - INFO - Processing Batch 2350
2026-04-07 13:07:45,732 - INFO - Received command c on object id p0
2026-04-07 13:07:45,734 - INFO - Processing Batch 2351
2026-04-07 13:08:00,749 - INFO - Received command c on object id p0
2026-04-07 13:08:00,751 - INFO - Processing Batch 2352
2026-04-07 13:08:15,744 - INFO - Received command c on object id p0
2026-04-07 13:08:15,747 - INFO - Processing Batch 2353
2026-04-07 13:08:30,745 - INFO - Received command c on object id p0
2026-04-07 13:08:30,747 - INFO - Processing Batch 2354
2026-04-07 13:08:45,760 - INFO - Received command c on object id p0
2026-04-07 13:08:45,763 - INFO - Processing Batch 2355
2026-04-07 13:09:00,908 - INFO - Received command c on object id p0
2026-04-07 13:09:00,918 - INFO - Processing Batch 2356
2026-04-07 13:09:15,786 - INFO - Received command c on object id p0
2026-04-07 13:09:15,789 - INFO - Processing Batch 2357
2026-04-07 13:09:30,868 - INFO - Received command c on object id p0
2026-04-07 13:09:30,874 - INFO - Processing Batch 2358
2026-04-07 13:09:45,782 - INFO - Received command c on object id p0
2026-04-07 13:09:45,784 - INFO - Processing Batch 2359
2026-04-07 13:10:00,790 - INFO - Received command c on object id p0
2026-04-07 13:10:00,792 - INFO - Processing Batch 2360
2026-04-07 13:10:15,786 - INFO - Received command c on object id p0
2026-04-07 13:10:15,788 - INFO - Processing Batch 2361
2026-04-07 13:10:30,799 - INFO - Received command c on object id p0
2026-04-07 13:10:30,800 - INFO - Processing Batch 2362
2026-04-07 13:10:45,794 - INFO - Received command c on object id p0
2026-04-07 13:10:45,796 - INFO - Processing Batch 2363
2026-04-07 13:11:00,818 - INFO - Received command c on object id p0
2026-04-07 13:11:00,821 - INFO - Processing Batch 2364
2026-04-07 13:11:15,819 - INFO - Received command c on object id p0
2026-04-07 13:11:15,820 - INFO - Processing Batch 2365
2026-04-07 13:11:30,821 - INFO - Received command c on object id p0
2026-04-07 13:11:30,822 - INFO - Processing Batch 2366
2026-04-07 13:11:45,813 - INFO - Received command c on object id p0
2026-04-07 13:11:45,815 - INFO - Processing Batch 2367
2026-04-07 13:12:00,835 - INFO - Received command c on object id p0
2026-04-07 13:12:00,838 - INFO - Processing Batch 2368
2026-04-07 13:12:15,829 - INFO - Received command c on object id p0
2026-04-07 13:12:15,831 - INFO - Processing Batch 2369
2026-04-07 13:12:30,835 - INFO - Received command c on object id p0
2026-04-07 13:12:30,837 - INFO - Processing Batch 2370
2026-04-07 13:12:45,856 - INFO - Received command c on object id p0
2026-04-07 13:12:45,859 - INFO - Processing Batch 2371
2026-04-07 13:13:00,840 - INFO - Received command c on object id p0
2026-04-07 13:13:00,842 - INFO - Processing Batch 2372
2026-04-07 13:13:15,843 - INFO - Received command c on object id p0
2026-04-07 13:13:15,844 - INFO - Processing Batch 2373
2026-04-07 13:13:30,861 - INFO - Received command c on object id p0
2026-04-07 13:13:30,862 - INFO - Processing Batch 2374
2026-04-07 13:13:45,856 - INFO - Received command c on object id p0
2026-04-07 13:13:45,858 - INFO - Processing Batch 2375
2026-04-07 13:14:00,892 - INFO - Received command c on object id p0
2026-04-07 13:14:00,894 - INFO - Processing Batch 2376
2026-04-07 13:14:15,882 - INFO - Received command c on object id p0
2026-04-07 13:14:15,886 - INFO - Processing Batch 2377
2026-04-07 13:14:30,865 - INFO - Received command c on object id p0
2026-04-07 13:14:30,866 - INFO - Processing Batch 2378
2026-04-07 13:14:45,894 - INFO - Received command c on object id p0
2026-04-07 13:14:45,897 - INFO - Processing Batch 2379
2026-04-07 13:15:00,901 - INFO - Received command c on object id p0
2026-04-07 13:15:00,904 - INFO - Processing Batch 2380
2026-04-07 13:15:15,899 - INFO - Received command c on object id p0
2026-04-07 13:15:15,901 - INFO - Processing Batch 2381
2026-04-07 13:15:30,897 - INFO - Received command c on object id p0
2026-04-07 13:15:30,898 - INFO - Processing Batch 2382
2026-04-07 13:15:45,919 - INFO - Received command c on object id p0
2026-04-07 13:15:45,921 - INFO - Processing Batch 2383
2026-04-07 13:16:00,921 - INFO - Received command c on object id p0
2026-04-07 13:16:00,923 - INFO - Processing Batch 2384
2026-04-07 13:16:15,908 - INFO - Received command c on object id p0
2026-04-07 13:16:15,909 - INFO - Processing Batch 2385
2026-04-07 13:16:30,912 - INFO - Received command c on object id p0
2026-04-07 13:16:30,914 - INFO - Processing Batch 2386
2026-04-07 13:16:45,946 - INFO - Received command c on object id p0
2026-04-07 13:16:45,951 - INFO - Processing Batch 2387
2026-04-07 13:17:00,920 - INFO - Received command c on object id p0
2026-04-07 13:17:00,922 - INFO - Processing Batch 2388
2026-04-07 13:17:15,927 - INFO - Received command c on object id p0
2026-04-07 13:17:15,929 - INFO - Processing Batch 2389
2026-04-07 13:17:30,932 - INFO - Received command c on object id p0
2026-04-07 13:17:30,934 - INFO - Processing Batch 2390
2026-04-07 13:17:45,926 - INFO - Received command c on object id p0
2026-04-07 13:17:45,928 - INFO - Processing Batch 2391
2026-04-07 13:18:00,952 - INFO - Received command c on object id p0
2026-04-07 13:18:00,954 - INFO - Processing Batch 2392
2026-04-07 13:18:15,941 - INFO - Received command c on object id p0
2026-04-07 13:18:15,943 - INFO - Processing Batch 2393
2026-04-07 13:21:27,149 - INFO - Closing down clientserver connection
